nucleotide	aminoAcid	count	frequencyCount	cdr3Length	vMaxResolved	vFamilyName	vGeneName	vGeneAllele	vFamilyTies	vGeneNameTies	vGeneAlleleTies	dMaxResolved	dFamilyName	dGeneName	dGeneAllele	dFamilyTies	dGeneNameTies	dGeneAlleleTies	jMaxResolved	jFamilyName	jGeneName	jGeneAllele	jFamilyTies	jGeneNameTies	jGeneAlleleTies	vDeletion	n1Insertion	d5Deletion	d3Deletion	n2Insertion	jDeletion	vIndex	n1Index	dIndex	n2Index	jIndex	estimatedNumberGenomes	sequenceStatus	cloneResolved	vOrphon	dOrphon	jOrphon	vFunction	dFunction	jFunction	fractionNucleated
ATCCTGGAGTCGCCCAGCCCCAACCAGACCTCTCTGTACTTCTGTGCCAGCAGTCTACAGGGTCGTGAAAAACTGTTTTTTGGCAGT	CASSLQGREKLFF	248	5.44695805	39	TCRBV27-01*01	TCRBV27	TCRBV27-01	01				TCRBD01-01*01	TCRBD01	TCRBD01-01	01				TCRBJ01-04*01	TCRBJ01	TCRBJ01-04	01				5	2	3	3	3	7	42	54	56	62	65	10	In	VDJ							0.000785
GAGTTGGCTGCTCCCTCCCAGACATCTGTGTACTTCTGTGCCAGCAGAGATGGACAGGGCTCTGGAAACACCATATATTTTGGAGAG	CASRDGQGSGNTIYF	237	5.2053591	45	TCRBV06-06	TCRBV06	TCRBV06-06				01,02	TCRBD01-01*01	TCRBD01	TCRBD01-01	01				TCRBJ01-03*01	TCRBJ01	TCRBJ01-03	01				6	4	1	3	0	0	36	47	51	-1	59	8	In	VDJ							0.00075018
GAGGATCCAGCAGGTAGTGCGAGGAGATTCGGCAGCTTATTTCTGTGCCAGCTCACCAGGGAGGGCTATGGCTACACCTTCGGTTCG		187	4.10718208	38	TCRBV18-01*01	TCRBV18	TCRBV18-01	01				TCRBD02-01*02	TCRBD02	TCRBD02-01	02				TCRBJ01-02*01	TCRBJ01	TCRBJ01-02	01				2	0	9	0	0	4	43	-1	58	-1	65	6	Out	VDJ							0.00059191
CACCTACACACCCTGCAGCCAGAAGACTCGGCCCTGTATCTCTGCGCCAGCAGCCCTTCGAGGAACACTGAAGCTTTCTTTGGACAA	CASSPSRNTEAFF	127	2.78936965	39	TCRBV04-03*01	TCRBV04	TCRBV04-03	01				TCRBD02-01*02	TCRBD02	TCRBD02-01	02				TCRBJ01-01*01	TCRBJ01	TCRBJ01-01	01				4	4	11	2	0	1	42	55	59	-1	62	4	In	VDJ							0.00040199
ACTGTGACATCGGCCCAAAAGAACCCGACAGCTTTCTATCTCTGTGCCAGTAGTGGGTTAGGGTACAATGAGCAGTTCTTCGGGCCA	CASSGLGYNEQFF	108	2.37206238	39	TCRBV19-01	TCRBV19	TCRBV19-01				01,02	unresolved		unresolved		TCRBD01,TCRBD02	TCRBD01-01,TCRBD02-01		TCRBJ02-01*01	TCRBJ02	TCRBJ02-01	01				5	5	5	3	0	4	42	54	59	-1	63	3	In	VDJ							0.00034185
CCGCCAGCACCAACCAGACATCTATGTACCTCTGTGCCAGCAGTTTGGGACAGGGAATAATACAATGAAAAACTGTTTTTTGGCAGT		99	2.17439051	49	TCRBV28-01*01	TCRBV28	TCRBV28-01	01				TCRBD01-01*01	TCRBD01	TCRBD01-01	01				TCRBJ01-04*01	TCRBJ01	TCRBJ01-04	01				3	0	0	3	8	5	32	-1	46	55	63	2	Out	VDJ							0.00031337
TCGGCCCTGTATCTCTGCGCCAGCAGCCAAGATCTTATGACGGTGGACAGTTTATTTGCTGGGGCCAACGTCCTGACTTTCGGGGCC	CASSQDLMTVDSLFAGANVLTF	99	2.17439051	66	TCRBV04-03*01	TCRBV04	TCRBV04-03	01				TCRBD01-01*01	TCRBD01	TCRBD01-01	01				TCRBJ02-06*01	TCRBJ02	TCRBJ02-06	01				0	12	1	5	8	2	15	32	44	50	58	3	In	VDJ							0.00031337
CTGGAGTTGGCTGCTCCCTCCCAGACATCTGTGTACTTCTGTGCCAGCAGTTACGTAACAGGACTTAACGGCTACACCTTCGGTTCG	CASSYVTGLNGYTF	98	2.15242697	42	TCRBV06-06	TCRBV06	TCRBV06-06				01,02	unresolved		unresolved		TCRBD01,TCRBD02	TCRBD01-01,TCRBD02-01		TCRBJ01-02*01	TCRBJ01	TCRBJ01-02	01				2	3	3	4	7	8	39	54	57	62	69	2	In	VDJ							0.0003102
TACCCTCTCAGACATCTGTGTACTTCTGTGCCAGCAGTGAGGAGCGCTCACACGACAAGTCGGGCCAACGTCCTGACTTTCGGGGCC		91	1.99868219	55	TCRBV06-04	TCRBV06	TCRBV06-04				01,02	unresolved		unresolved		TCRBD01,TCRBD02	TCRBD01-01,TCRBD02-01		TCRBJ02-06*01	TCRBJ02	TCRBJ02-06	01				3	13	2	6	4	5	26	40	53	57	61	2	Out	VDJ							0.00028804
ACGGAGTCAGGGGACACAGCACTGTATTTCTGTGCCAGCAGTCTCTCGGTAGCTACAACACCACGAAACACCATATATTTTGGAGAG	CASSLSVATTPRNTIYF	74	1.625302	51	TCRBV21-01*01	TCRBV21	TCRBV21-01	01				TCRBD02-01	TCRBD02	TCRBD02-01				01,02	TCRBJ01-03*01	TCRBJ01	TCRBJ01-03	01				6	8	5	7	11	5	30	41	49	53	64	4	In	VDJ							0.00023423
CTACACGCCCTGCAGCCAGAAGACTCAGCCCTGTATCTCTGCGCCAGCAGCCAAGACAGTTCGGACACTGAAGCTTTCTTTGGACAA	CASSQDSSDTEAFF	74	1.625302	42	TCRBV04-01*01	TCRBV04	TCRBV04-01	01				unresolved		unresolved		TCRBD01,TCRBD02	TCRBD01-01,TCRBD02-01		TCRBJ01-01*01	TCRBJ01	TCRBJ01-01	01				0	0	4	5	5	3	39	-1	56	59	64	2	In	VDJ							0.00023423
AGTCAGCTGCTCCCTCTCAGACTTCTGTTTACTTCTGTGCCAGCAGGAAAGGGACAGCTTCGGACCTACGAGCAGTACTTCGGGCCG		70	1.53744784	46	TCRBV06-07*01	TCRBV06	TCRBV06-07	01				TCRBD01-01*01	TCRBD01	TCRBD01-01	01				TCRBJ02-07*01	TCRBJ02	TCRBJ02-07	01				6	4	0	5	7	2	35	46	50	57	64	2	Out	VDJ							0.00022157
CCTTGTTGCTGGGGGACTCGGCCCTCTATCTCTGTGCCAGCACCCTCCGAGGACAGGCGTTAATAACAGCCCCAGCATTTTGGTGAT		70	1.53744784	49	TCRBV05-06*01	TCRBV05	TCRBV05-06	01				TCRBD01-01*01	TCRBD01	TCRBD01-01	01				TCRBJ01-05*01	TCRBJ01	TCRBJ01-05	01				6	8	1	4	9	7	32	42	50	57	66	2	Out	VDJ							0.00022157
CTACACACCCTGCAGCCAGAAGACTCGGCCCTGTATCTCTGCGCCAGCAGCCATTTGACTTATAATTCACCCCTCCACTTTGGGAAC	CASSHLTYNSPLHF	70	1.53744784	42	TCRBV04-03*01	TCRBV04	TCRBV04-03	01				TCRBD02-01	TCRBD02	TCRBD02-01				01,02	TCRBJ01-06*01	TCRBJ01	TCRBJ01-06	01				3	3	2	10	0	4	39	53	56	-1	60	2	In	VDJ							0.00022157
CTGGAGTCCGCCAGCACCAACCAGACATCTATGTACCTCTGTGCCAGCAGTTACGGGGTTTTCGGTTCACCCCTCCACTTTGGGAAC	CASSYGVFGSPLHF	63	1.38370305	42	TCRBV28-01*01	TCRBV28	TCRBV28-01	01				TCRBD02-01*01	TCRBD02	TCRBD02-01	01				TCRBJ01-06*01	TCRBJ01	TCRBJ01-06	01				4	1	8	3	7	9	39	52	53	58	65	3	In	VDJ							0.00019941
TTGTTGCTGGGGGACTCGGCCCTGTATCTCTGTGCCAGCAGCCACCTCCTGATCCCTGCAACTAATGAAAAACTGTTTTTTGGCAGT	CASSHLLIPATNEKLFF	63	1.38370305	51	TCRBV05-05*01	TCRBV05	TCRBV05-05	01				unresolved		unresolved		TCRBD01,TCRBD02	TCRBD01-01,TCRBD02-01		TCRBJ01-04*01	TCRBJ01	TCRBJ01-04	01				4	8	2	8	6	0	30	42	50	52	58	1	In	VDJ							0.00019941
GTTGGCGTCTGCTGTACCCTCTCAGACATCTGTGTACTTCTGTGCCAGCAGTGACCCGACCCTGACCCTGAAGCTTTCTTTGGACAA		62	1.36173951	41	TCRBV06-04	TCRBV06	TCRBV06-04				01,02	unresolved		unresolved		TCRBD01,TCRBD02	TCRBD01-01,TCRBD02-01		TCRBJ01-01*01	TCRBJ01	TCRBJ01-01	01				2	2	2	7	7	6	40	55	57	60	67	3	Out	VDJ							0.00019625
CAGCTGCTCCCTCTCAGACTTCTGTTTACTTCTGTGCCAGCAGTGGGAAGTAGCGTATTTGAAACCTATGGCTACACCTTCGGTTCG		61	1.33977597	49	TCRBV06-07*01	TCRBV06	TCRBV06-07	01				TCRBD02-01	TCRBD02	TCRBD02-01				01,02	TCRBJ01-02*01	TCRBJ01	TCRBJ01-02	01				5	6	5	6	10	4	32	44	50	55	65	1	Out	VDJ							0.00019308
CAGCGCACAGAGCAGGGGGACTCGGCCATGTATCTCTGTGCCAGCAGCCCACCGACGGGGGAGAGGGATACGCAGTATTTTGGCCCA	CASSPPTGERDTQYF	59	1.29584889	45	TCRBV07-09	TCRBV07	TCRBV07-09				01,03	TCRBD02-01*01	TCRBD02	TCRBD02-01	01				TCRBJ02-03*01	TCRBJ02	TCRBJ02-03	01				5	7	8	2	5	6	36	48	55	61	66	2	In	VDJ							0.00018675
GGCTGCTCCCTCCCAGACATCTGTGTACTTCTGTGCCAGCAGTGCATGCAAGGAATGTAGAAGACCTATGGCTACACCTTCGGTTCG		53	1.16406765	50	TCRBV06-01*01	TCRBV06	TCRBV06-01	01				unresolved		unresolved		TCRBD01,TCRBD02	TCRBD01-01,TCRBD02-01		TCRBJ01-02*01	TCRBJ01	TCRBJ01-02	01				4	7	1	8	11	4	31	44	51	54	65	1	Out	VDJ							0.00016776
CCCGCTCCCAGACATCTGTGTATTTCTGCGCCAGCAGTTGATATCCCACTTCTAACAAATCGGGCCAACGTCCTGACTTTCGGGGCC		49	1.07621349	55	TCRBV10-02*01	TCRBV10	TCRBV10-02	01				unresolved		unresolved		TCRBD01,TCRBD02	TCRBD01-01,TCRBD02-01		TCRBJ02-06*01	TCRBJ02	TCRBJ02-06	01				5	16	3	6	4	5	26	38	54	57	61	2	Out	VDJ							0.0001551
CCAGAAGACTCGGCCCTGTATCTCTGCGCCAGCAGCCAAGATCTTCAACGGCGAACGGCAACTAATGAAAAACTGTTTTTTGGCAGT	CASSQDLQRRTATNEKLFF	47	1.0322864	57	TCRBV04-03*01	TCRBV04	TCRBV04-03	01				unresolved		unresolved		TCRBD01,TCRBD02	TCRBD01-01,TCRBD02-01		TCRBJ01-04*01	TCRBJ01	TCRBJ01-04	01				0	8	9	0	6	0	24	41	49	52	58	2	In	VDJ							0.00014877
CCACGGAGTCAGGGGACACAGCACTGTATTTCTGTGCCAGCAGAATCTCAGTAGCTACAGAAGACCTATGGCTACACCTTCGGTTCG		45	0.98835932	49	TCRBV21-01*01	TCRBV21	TCRBV21-01	01				unresolved		unresolved		TCRBD01,TCRBD02	TCRBD01-01,TCRBD02-01		TCRBJ01-02*01	TCRBJ01	TCRBJ01-02	01				6	13	3	5	5	4	32	43	56	60	65	2	Out	VDJ							0.00014244
GAGTCCGCTACCAGCTCCCAGACATCTGTGTACTTCTGTGCCATCAGTGAGTCTGCTAGCGGGACCTACGAGCAGTACTTCGGGCCG	CAISESASGTYEQYF	45	0.98835932	45	TCRBV10-03*01	TCRBV10	TCRBV10-03	01				TCRBD02-01*02	TCRBD02	TCRBD02-01	02				TCRBJ02-07*01	TCRBJ02	TCRBJ02-07	01				0	2	4	3	0	2	36	53	55	-1	64	2	In	VDJ							0.00014244
CGGTCCACAAAGCTGGAGGACTCAGCCATGTACTTCTGTGCCAGCAGTGAAGCGCTTCCAGGGATGGTACCCCTCCACTTTGGGAAC	CASSEALPGMVPLHF	44	0.96639578	45	TCRBV02-01*01	TCRBV02	TCRBV02-01	01				TCRBD01-01*01	TCRBD01	TCRBD01-01	01				TCRBJ01-06*01	TCRBJ01	TCRBJ01-06	01				0	5	4	3	5	12	36	53	58	63	68	1	In	VDJ							0.00013927
CACAAAGCTGGAGGACTCAGCCATGTACTTCTGTGCCAGCAGTGAAGCTCACTCAGCGTCCTTCACAATGAGCAGTTCTTCGGGCCA		42	0.9224687	50	TCRBV02-01*01	TCRBV02	TCRBV02-01	01				TCRBD02-01	TCRBD02	TCRBD02-01				01,02	TCRBJ02-01*01	TCRBJ02	TCRBJ02-01	01				0	6	6	6	6	5	31	48	54	58	64	1	Out	VDJ							0.00013294
AGCACCTTGGAGCTGGGGGACTCGGCCCTTTATCTTTGCGCCAGCTCCCAATCGTGGCAAGGGGGTGAAAAACTGTTTTTTGGCAGT	CASSQSWQGGEKLFF	41	0.90050516	45	TCRBV05-01*01	TCRBV05	TCRBV05-01	01				TCRBD01-01*01	TCRBD01	TCRBD01-01	01				TCRBJ01-04*01	TCRBJ01	TCRBJ01-04	01				7	14	5	1	0	7	36	45	59	-1	65	2	In	VDJ							0.00012978
CACCTACACACCCTGCAGCCAGAAGACTCGGCCCTGTATCTCTGCGCCAGCAGCCCCGCCCGGAACACTGAAGCTTTCTTTGGACAA	CASSPARNTEAFF	41	0.90050516	39	TCRBV04-03*01	TCRBV04	TCRBV04-03	01				unresolved		unresolved		TCRBD01,TCRBD02	TCRBD01-01,TCRBD02-01		TCRBJ01-01*01	TCRBJ01	TCRBJ01-01	01				4	2	10	0	3	1	42	55	57	59	62	2	In	VDJ							0.00012978
ATGGAACCCAGGGACTTGGGCCTATATTTCTGTGCCAGCAGCGAATCGTCTATATAGGGAAAGACCTATGGCTACACCTTCGGTTCG	CASSESSI*GKTYGYTF	40	0.87854162	51	TCRBV12-01*01	TCRBV12	TCRBV12-01	01				unresolved		unresolved		TCRBD01,TCRBD02	TCRBD01-01,TCRBD02-01		TCRBJ01-02*01	TCRBJ01	TCRBJ01-02	01				5	14	0	8	5	4	30	42	56	60	65	1	Stop	VDJ							0.00012661
CGGTCCACAAAGCTGGAGGACTCAGCCATGTACTTCTGTGCCAGCAGTGGTACGGGACAGGGGGAAACTGAAGCTTTCTTTGGACAA	CASSGTGQGETEAFF	40	0.87854162	45	TCRBV02-01*01	TCRBV02	TCRBV02-01	01				TCRBD01-01*01	TCRBD01	TCRBD01-01	01				TCRBJ01-01*01	TCRBJ01	TCRBJ01-01	01				4	4	0	1	2	5	36	49	53	64	66	1	In	VDJ							0.00012661
GAGTCGGCTGCTCCCTCCCAGACATCTGTGTACTTCTGTGCCAGCATCTATCTAATCGGGGGTGAATCACCCCTCCACTTTGGGAAC	CASIYLIGGESPLHF	39	0.85657808	45	TCRBV06-01*01	TCRBV06	TCRBV06-01	01				TCRBD02-01*01	TCRBD02	TCRBD02-01	01				TCRBJ01-06*01	TCRBJ01	TCRBJ01-06	01				7	10	8	2	4	10	36	46	56	62	66	1	In	VDJ							0.00012345
GGGGACTCAGCCCTGTACTTCTGTGCCAGCAGCCCGTAGACCCGGGACAGGACTATACTCATGAACACTGAAGCTTTCTTTGGACAA	CASSP*TRDRTILMNTEAFF	39	0.85657808	60	TCRBV13-01*01	TCRBV13	TCRBV13-01	01				TCRBD01-01*01	TCRBD01	TCRBD01-01	01				TCRBJ01-01*01	TCRBJ01	TCRBJ01-01	01				5	10	0	4	10	0	21	33	43	51	61	1	Stop	VDJ							0.00012345
AACCCAGGGACTTGGGCCTATATTTCTGTGCCAGCAGCCCCGAGACCAGCGGGAGAGTTGGTTGCCGACGAGCAGTACTTCGGGCCG		38	0.83461454	55	TCRBV12-01*01	TCRBV12	TCRBV12-01	01				TCRBD02-01*02	TCRBD02	TCRBD02-01	02				TCRBJ02-07*01	TCRBJ02	TCRBJ02-07	01				5	9	6	2	12	5	26	38	47	55	67	1	Out	VDJ							0.00012028
ACATCAATTCCCTGGAGCTTGGTGACTCTGCTGTGTATTTCTGTGCCAGCAGCCATTTGAAAGACCTATGGCTACACCTTCGGTTCG		38	0.83461454	40	TCRBV03	TCRBV03	unresolved			TCRBV03-01,TCRBV03-02		unresolved		unresolved		TCRBD01,TCRBD02	TCRBD01-01,TCRBD02-01		TCRBJ01-02*01	TCRBJ01	TCRBJ01-02	01				3	7	2	7	0	4	41	55	62	-1	65	1	Out	VDJ							0.00012028
CGCACAGAGCAGGGGGACTCGGCCATGTATCTCTGTGCCAGCAGCCAAGAAGCAGGGAGGAACCCCTACGAGCAGTACTTCGGGCCG	CASSQEAGRNPYEQYF	38	0.83461454	48	TCRBV07-09	TCRBV07	TCRBV07-09				01,03	TCRBD02-01*02	TCRBD02	TCRBD02-01	02				TCRBJ02-07*01	TCRBJ02	TCRBJ02-07	01				5	9	9	1	4	2	33	45	54	60	64	2	In	VDJ							0.00012028
AACGCCTTGTTGCTGGGGGACTCGGCCCTCTATCTCTGTGCCAGCAGCTTATCCAGTATGTCCCTCTACGAGCAGTACTTCGGGCCG	CASSLSSMSLYEQYF	37	0.812651	45	TCRBV05-06*01	TCRBV05	TCRBV05-06	01				TCRBD01-01*01	TCRBD01	TCRBD01-01	01				TCRBJ02-07*01	TCRBJ02	TCRBJ02-07	01				2	3	4	5	9	3	36	50	53	56	65	1	In	VDJ							0.00011712
AGCAGCGGGACTCAGCCATGTATCGCTGTGCCAGCAGCAAAAGGAATAAGTGCCACAAGTCGGGCCAACGTCCTGACTTTCGGGGCC		37	0.812651	55	TCRBV07-07*01	TCRBV07	TCRBV07-07	01				unresolved		unresolved		TCRBD01,TCRBD02	TCRBD01-01,TCRBD02-01		TCRBJ02-06*01	TCRBJ02	TCRBJ02-06	01				5	4	1	8	16	5	26	38	42	45	61	1	Out	VDJ							0.00011712
CTCTGGAGTCTGCTGCCTCCTCCCAGACATCTGTATATTTCTGCGCCAGCAGGATCGCGAAAGACCTATGGCTACACCTTCGGTTCG		37	0.812651	40	TCRBV10-01	TCRBV10	TCRBV10-01				01,02	unresolved		unresolved		TCRBD01,TCRBD02	TCRBD01-01,TCRBD02-01		TCRBJ01-02*01	TCRBJ01	TCRBJ01-02	01				6	10	2	7	0	4	41	52	62	-1	65	1	Out	VDJ							0.00011712
CAGGCTGCTGTCGGCTGCTCCCTCCCAGACATCTATGTACTTCTGTGCCAGCGGGTGACAGTAAACACTGAAGCTTTCTTTGGACAA		36	0.79068746	38	TCRBV06-05*01	TCRBV06	TCRBV06-05	01				TCRBD01-01*01	TCRBD01	TCRBD01-01	01				TCRBJ01-01*01	TCRBJ01	TCRBJ01-01	01				8	4	2	5	2	2	43	52	56	61	63	1	Out	VDJ							0.00011395
GCCAGAAGACTCGGCCCTGTATCTCTGCGCCAGCAGCAAAATCTCAAGACGTCACAAAGTCGGGCCAACGTCCTGACTTTCGGGGCC		36	0.79068746	56	TCRBV04-03*01	TCRBV04	TCRBV04-03	01				unresolved		unresolved		TCRBD01,TCRBD02	TCRBD01-01,TCRBD02-01		TCRBJ02-06*01	TCRBJ02	TCRBJ02-06	01				5	10	2	7	11	5	25	37	47	50	61	2	Out	VDJ							0.00011395
CAGGCTGCTGTCGGCTGCTCCCTCCCAGACATCTGTGTACTTCTGTGCCAGCGGGTGACAGTAAACACTGAAGCTTTCTTTGGACAA		34	0.74676038	38	TCRBV06-05*01	TCRBV06	TCRBV06-05	01				TCRBD01-01*01	TCRBD01	TCRBD01-01	01				TCRBJ01-01*01	TCRBJ01	TCRBJ01-01	01				8	4	2	5	2	2	43	52	56	61	63	1	Out	VDJ							0.00010762
TGGAGCTTGGTGACTCTGCTGTGTATTTCTGTGCCAGCAGCTTGGACTTTCCCATTCCATTCCGACAATGAGCAGTTCTTCGGGCCA		33	0.72479684	52	TCRBV03	TCRBV03	unresolved			TCRBV03-01,TCRBV03-02		TCRBD02-01	TCRBD02	TCRBD02-01				01,02	TCRBJ02-01*01	TCRBJ02	TCRBJ02-01	01				5	2	1	10	16	5	29	41	43	48	64	1	Out	VDJ							0.00010446
TTGCTGGGGGACTCGGCCCTCTATCTCTGTGCCAGCAGCTTGTTCGCGACAGGGGTAAGATATTACAATGAGCAGTTCTTCGGGCCA	CASSLFATGVRYYNEQFF	33	0.72479684	54	TCRBV05-06*01	TCRBV05	TCRBV05-06	01				TCRBD01-01*01	TCRBD01	TCRBD01-01	01				TCRBJ02-01*01	TCRBJ02	TCRBJ02-01	01				1	5	2	2	8	4	27	42	47	55	63	1	In	VDJ							0.00010446
TTTCCTCTCACTGTGACATCGGCCCAAAAGAACCCGACAGCTTTCTATCTCTGTGCCAGTATAGACACTGAAGCTTTCTTTGGACAA	CASIDTEAFF	33	0.72479684	30	TCRBV19-01	TCRBV19	TCRBV19-01				01,02	TCRBD02-01	TCRBD02	TCRBD02-01				01,02	TCRBJ01-01*01	TCRBJ01	TCRBJ01-01	01				7	0	5	8	0	3	51	-1	61	-1	64	1	In	VDJ							0.00010446
ACTCTGAAGATCCAGCCCTCAGAACCCAGGGACTCAGCTGTGTACTTCTGTGCCAGCAGTTATGCGCACGAGCAGTACTTCGGGCCA	CASSYAHEQYF	32	0.7028333	33	TCRBV12	TCRBV12	unresolved			TCRBV12-03,TCRBV12-04		TCRBD02-01	TCRBD02	TCRBD02-01				01,02	TCRBJ02-05*01	TCRBJ02	TCRBJ02-05	01				4	2	7	6	6	11	48	61	63	66	72	1	In	VDJ							0.00010129
GCCAGCACCAACCAGACATCTATGTACCTCTGTGCCAGCAGTCTACTCAACAAAGGTAGCATAACCTACGAGCAGTACTTCGGGCCG	CASSLLNKGSITYEQYF	32	0.7028333	51	TCRBV28-01*01	TCRBV28	TCRBV28-01	01				TCRBD02-01	TCRBD02	TCRBD02-01				01,02	TCRBJ02-07*01	TCRBJ02	TCRBJ02-07	01				5	14	5	7	4	2	30	42	56	60	64	1	In	VDJ							0.00010129
ACAGAGCAGGGGGACTCGGCCATGTATCTCTGTGCCAGCAGCTCAGACCTCTGGACAGGGCCGGATTATGGCTACACCTTCGGTTCG	CASSSDLWTGPDYGYTF	31	0.68086976	51	TCRBV07-09	TCRBV07	TCRBV07-09				01,03	TCRBD01-01*01	TCRBD01	TCRBD01-01	01				TCRBJ01-02*01	TCRBJ01	TCRBJ01-02	01				4	9	1	3	6	5	30	43	52	60	66	1	In	VDJ							0.00009812
CAGAGCCGAGGGACTCAGCCGTGTATCTCTACAGTAGCTAGACTTATATCTGGACAAAGTCGGGCCAACGTCCTGACTTTCGGGGCC		31	0.68086976	52	TCRBV17-01*01	TCRBV17	TCRBV17-01	01				TCRBD01-01*01	TCRBD01	TCRBD01-01	01				TCRBJ02-06*01	TCRBJ02	TCRBJ02-06	01				5	13	1	6	5	5	29	38	51	56	61	1	Out	VDJ							0.00009812
GCTGCTCCCTCCCAGACATCTGTGTACTTCTGTGCCAGCAGTTACTCGAAATGGAGTGACTATAACTATGGCTACACCTTCGGTTCG	CASSYSKWSDYNYGYTF	30	0.65890622	51	TCRBV06	TCRBV06	unresolved			TCRBV06-05,TCRBV06-06		TCRBD02-01	TCRBD02	TCRBD02-01				01,02	TCRBJ01-02*01	TCRBJ01	TCRBJ01-02	01				0	10	2	9	0	1	30	47	57	-1	62	1	In	VDJ							0.00009496
ACCTACACACCCTGCAGCCAGAAGACTCGGCCCTGTATCTCTGTGCCAGCACCAAGGGTCCGGGCCAATGAGCAGTTCTTCGGGCCA		28	0.61497913	40	TCRBV04-02*01	TCRBV04	TCRBV04-02	01				unresolved		unresolved		TCRBD01,TCRBD02	TCRBD01-01,TCRBD02-01		TCRBJ02-01*01	TCRBJ02	TCRBJ02-01	01				7	3	5	3	7	6	41	51	54	58	65	1	Out	VDJ							0.00008863
AGCAGCGCCAGACTTCTGTTTACTTCTGTGCCAGCAGTGGAGGGTTGCGATTTACAAAGTCGGGCCAACGTCCTGACTTTCGGGGCC		28	0.61497913	55	TCRBV06-07*01	TCRBV06	TCRBV06-07	01				TCRBD02-01*02	TCRBD02	TCRBD02-01	02				TCRBJ02-06*01	TCRBJ02	TCRBJ02-06	01				5	0	10	0	17	5	26	-1	38	44	61	1	Out	VDJ							0.00008863
CCTTGGAGCTGGACGACTCGGCCCTGTATCTCTGTGCCAGCACATTGCACGTTACCAGGAAAGACCTATGGCTACACCTTCGGTTCG		28	0.61497913	49	TCRBV05-04*01	TCRBV05	TCRBV05-04	01				TCRBD01-01*01	TCRBD01	TCRBD01-01	01				TCRBJ01-02*01	TCRBJ01	TCRBJ01-02	01				6	13	4	4	6	4	32	42	55	59	65	1	Out	VDJ							0.00008863
ATCCAGCGCACACAGCAGGAGGACTCCGCCGTGTATCTCTGTGCCATTTCTGATTCTCCCCCTGGAAACACCATATATTTTGGAGAG	CAISDSPPGNTIYF	27	0.59301559	42	TCRBV07-08*01	TCRBV07	TCRBV07-08	01				unresolved		unresolved		TCRBD01,TCRBD02	TCRBD01-01,TCRBD02-01		TCRBJ01-03*01	TCRBJ01	TCRBJ01-03	01				10	5	2	8	8	2	39	46	51	53	61	1	In	VDJ							0.00008546
TGCTCCCTCCCAGACATCTGTGTACTTGTGTGCCAGCAGTGAAGTACCGAAAGTAATGGTCGACGAAACACCATATATTTTGGAGAG		27	0.59301559	53	TCRBV06-01*01	TCRBV06	TCRBV06-01	01				unresolved		unresolved		TCRBD01,TCRBD02	TCRBD01-01,TCRBD02-01		TCRBJ01-03*01	TCRBJ01	TCRBJ01-03	01				1	17	2	7	0	5	28	44	61	-1	64	1	Out	VDJ							0.00008546
CGGTCCACAAAGCTGGAGGACTCAGCCATGTACTTCTGTGCCAGCATCCAAGGCCCGGGACGGAGTTACGAGCAGTACTTCGGGCCG	CASIQGPGRSYEQYF	26	0.57105205	45	TCRBV02-01*01	TCRBV02	TCRBV02-01	01				unresolved		unresolved		TCRBD01,TCRBD02	TCRBD01-01,TCRBD02-01		TCRBJ02-07*01	TCRBJ02	TCRBJ02-07	01				7	10	0	7	5	4	36	46	56	61	66	1	In	VDJ							0.0000823
CAGCGCACACAGCAGGAGGACTCGGCCGTGTATCTCTGTGCCAGCAGCTTTTATAGGAGGAGCTCCTACGAGCAGTACTTCGGGCCG	CASSFYRRSSYEQYF	23	0.50516143	45	TCRBV07-02*01	TCRBV07	TCRBV07-02	01				TCRBD02-01*02	TCRBD02	TCRBD02-01	02				TCRBJ02-07*01	TCRBJ02	TCRBJ02-07	01				3	5	10	1	2	0	36	50	55	60	62	1	In	VDJ							0.0000728
GCAGAACTGGAGGATTCTGGAGTTTATTTCTGTGCCAGCAGCCAACCAAGCACCGGGACAGGCAAAGAGACCCAGTACTTCGGGCCA	CASSQPSTGTGKETQYF	23	0.50516143	51	TCRBV14-01*01	TCRBV14	TCRBV14-01	01				TCRBD01-01*01	TCRBD01	TCRBD01-01	01				TCRBJ02-05*01	TCRBJ02	TCRBJ02-05	01				2	9	0	4	2	3	30	45	54	62	64	1	In	VDJ							0.0000728
TTCCTTCACCTACACACCCTGCAGCCAGAAGACTCGGCCCTGTATCTCTGTGCCAGCAGCTCCCTAGGTGGCTACACCTTCGGTTCG	CASSSLGGYTF	23	0.50516143	33	TCRBV04-02*01	TCRBV04	TCRBV04-02	01				TCRBD02-01	TCRBD02	TCRBD02-01				01,02	TCRBJ01-02*01	TCRBJ01	TCRBJ01-02	01				5	3	4	8	1	7	48	60	63	67	68	1	In	VDJ							0.0000728
ATTCTGGAGTCCGCCAGCACCAACCAGACATCTATGTACCTCTGTGCCAGCAGCTGGACAGGTGAGGGTACGCAGTATTTTGGCCCA	CASSWTGEGTQYF	22	0.48319789	39	TCRBV28-01*01	TCRBV28	TCRBV28-01	01				TCRBD01-01*01	TCRBD01	TCRBD01-01	01				TCRBJ02-03*01	TCRBJ02	TCRBJ02-03	01				6	2	1	4	6	8	42	53	55	62	68	1	In	VDJ							0.00006964
CACCTACACACCCTGCAGCCAGAAGACTCGGCCCTGTATCTCTGCGCCAGCAGCCCCGCCAGGAACACTGAAGCTTTCTTTGGACAA	CASSPARNTEAFF	22	0.48319789	39	TCRBV04-03*01	TCRBV04	TCRBV04-03	01				TCRBD01-01*01	TCRBD01	TCRBD01-01	01				TCRBJ01-01*01	TCRBJ01	TCRBJ01-01	01				4	4	4	5	0	1	42	55	59	-1	62	1	In	VDJ							0.00006964
GGAGCTTGGTGACTCTGCTGTGTATTTCTGTGCCAGCAGCCGTCAAGTTCCCATTTCGGCTTGACCGGGGAGCTGTTTTTTGGAGAA		22	0.48319789	53	TCRBV03	TCRBV03	unresolved			TCRBV03-01,TCRBV03-02		unresolved		unresolved		TCRBD01,TCRBD02	TCRBD01-01,TCRBD02-01		TCRBJ02-02*01	TCRBJ02	TCRBJ02-02	01				4	16	9	0	3	5	28	41	57	60	63	1	Out	VDJ							0.00006964
TTCCTTCACCTACACACCCTGCAGCCAGAAGACTCGGCCCTGTATCTCTGCGCCAGCAGCCTGGGTAGGGAGCAGTTCTTCGGGCCA	CASSLGREQFF	22	0.48319789	33	TCRBV04-03*01	TCRBV04	TCRBV04-03	01				unresolved		unresolved		TCRBD01,TCRBD02	TCRBD01-01,TCRBD02-01		TCRBJ02-01*01	TCRBJ02	TCRBJ02-01	01				4	1	0	9	4	10	48	61	62	65	69	2	In	VDJ							0.00006964
AACCTGAGCTCTCTGGAGCTGGGGGACTCAGCTTTGTATTTCTGTGCCAGCAGCCCCCGGGACAGCCTTGAAGCTTTCTTTGGACAA	CASSPRDSLEAFF	21	0.46123435	39	TCRBV09-01	TCRBV09	TCRBV09-01				01,02	TCRBD01-01*01	TCRBD01	TCRBD01-01	01				TCRBJ01-01*01	TCRBJ01	TCRBJ01-01	01				4	4	0	5	3	7	42	54	58	65	68	1	In	VDJ							0.00006647
GTGACATCGGCCCAAAAGAACCCGACAGCTTTCTATCTCTGTGCCAGTAGTCCCCGTCCGTCGGACAATGAGCAGTTCTTCGGGCCA	CASSPRPSDNEQFF	21	0.46123435	42	TCRBV19-01	TCRBV19	TCRBV19-01				01,02	TCRBD02-01	TCRBD02	TCRBD02-01				01,02	TCRBJ02-01*01	TCRBJ02	TCRBJ02-01	01				5	10	8	5	0	5	39	51	61	-1	64	1	In	VDJ							0.00006647
AGCACCTTGGAGCTGGGGGACTCGGCCCTTTATCTTTGCGCCAGCAGCTTGGCCTGGGACCCGTTTCGCGAGCAGTACTTCGGGCCG	CASSLAWDPFREQYF	20	0.43927081	45	TCRBV05-01*01	TCRBV05	TCRBV05-01	01				unresolved		unresolved		TCRBD01,TCRBD02	TCRBD01-01,TCRBD02-01		TCRBJ02-07*01	TCRBJ02	TCRBJ02-07	01				0	3	0	7	8	6	36	52	55	60	68	1	In	VDJ							0.00006331
CAATTCCCTGGAGCTTGGTGACTCTGCTGTGTATTTCTGTGCCAGCAGCGCTATTGATCCCATTTCGTGTTAGACGAGCACGGGCCG		20	0.43927081	44	TCRBV03	TCRBV03	unresolved			TCRBV03-01,TCRBV03-02		unresolved		unresolved		TCRBD01,TCRBD02	TCRBD01-01,TCRBD02-01		TCRBJ02-07*01	TCRBJ02	TCRBJ02-07	01				5	23	2	7	5	18	37	49	72	75	80	1	Out	VDJ							0.00006331
CTCAGGCTGGAGTCGGCTGCTCCCTCCCAGACATCTGTGTACTTCTGTGCCAGCAGTGAAGTACCCTACGAGCAGTACTTCGGGCCG	CASSEVPYEQYF	20	0.43927081	36	TCRBV06-01*01	TCRBV06	TCRBV06-01	01				unresolved		unresolved		TCRBD01,TCRBD02	TCRBD01-01,TCRBD02-01		TCRBJ02-07*01	TCRBJ02	TCRBJ02-07	01				1	1	3	7	0	2	45	61	62	-1	64	1	In	VDJ							0.00006331
TCGGCTGCTCCCTCCCAGACATCTGTGTACTTCTGTGCCAGCAGTTACTCGAATCAGGGGGAGTTGCATGGCTACACCTTCGGTTCG	CASSYSNQGELHGYTF	20	0.43927081	48	TCRBV06-05*01	TCRBV06	TCRBV06-05	01				TCRBD01-01*01	TCRBD01	TCRBD01-01	01				TCRBJ01-02*01	TCRBJ01	TCRBJ01-02	01				0	4	4	1	6	6	33	50	54	61	67	1	In	VDJ							0.00006331
ACGATCCAGCGCACAGAGCAGCGGGACTCGGCCATGTATCGCTGTGCCAGCAGCGCTCGAAAGACCTATGGCTACACCTTCGGTTCG	CASSARKTYGYTF	19	0.41730727	39	TCRBV07-06*01	TCRBV07	TCRBV07-06	01				unresolved		unresolved		TCRBD01,TCRBD02	TCRBD01-01,TCRBD02-01		TCRBJ01-02*01	TCRBJ01	TCRBJ01-02	01				5	8	2	7	0	4	42	54	62	-1	65	1	In	VDJ							0.00006014
CTGGAGGATTCTGGAGTTTATTTCTGTGCCAGCACCCCCGGCGGGACCTAGCGGGAGTTTTGCACCGGGGAGCTGTTTTTTGGAGAA	CASTPGGT*REFCTGELFF	19	0.41730727	57	TCRBV14-01*01	TCRBV14	TCRBV14-01	01				TCRBD02-01*02	TCRBD02	TCRBD02-01	02				TCRBJ02-02*01	TCRBJ02	TCRBJ02-02	01				7	13	4	2	5	4	24	34	47	57	62	1	Stop	VDJ							0.00006014
GCCTTGGAGCTGGAGGACTCGGCCCTGTATCTCTGTGCCAGCGCACGTGGTCATCCACGAAAGATCTATGGCTACACCTTCGGTTCG	CASARGHPRKIYGYTF	19	0.41730727	48	TCRBV05-08*01	TCRBV05	TCRBV05-08	01				unresolved		unresolved		TCRBD01,TCRBD02	TCRBD01-01,TCRBD02-01		TCRBJ01-02*01	TCRBJ01	TCRBJ01-02	01				7	6	0	10	15	4	33	42	48	50	65	1	In	VDJ							0.00006014
GTGACATCGGCCCAAAAGAACCCGACAGCTTTCTATCTCTGTGCCAGTAGCCCCCGGACAGGGGGTTTGGGAGCTTTCTTTGGACAA	CASSPRTGGLGAFF	19	0.41730727	42	TCRBV19-01	TCRBV19	TCRBV19-01				01,02	TCRBD01-01*01	TCRBD01	TCRBD01-01	01				TCRBJ01-01*01	TCRBJ01	TCRBJ01-01	01				6	5	1	1	6	10	39	50	55	65	71	1	In	VDJ							0.00006014
TCCACCAGCACCAGCCAGACCTATCTGTACCACTGTGGCATGCCAACAATAACACAAAGTCGGGCCAACGTCCTGACTTTCGGGGCC	CGMPTITQSRANVLTF	19	0.41730727	48	TCRBV08-02*01	TCRBV08	TCRBV08-02	01				TCRBD01-01*01	TCRBD01	TCRBD01-01	01				TCRBJ02-06*01	TCRBJ02	TCRBJ02-06	01				7	5	3	6	13	5	33	40	45	48	61	1	In	VDJ							0.00006014
CCCTCCCAAACATCTGTGTACTTCTGTGCCAGCAGTTGTTCAAGGGGACTATCTAGCTCTGGGGCCAACGTCCTGACTTTCGGGGCC	CASSCSRGLSSSGANVLTF	18	0.39534373	57	TCRBV06	TCRBV06	unresolved			TCRBV06-02,TCRBV06-03		TCRBD02-01	TCRBD02	TCRBD02-01				01,02	TCRBJ02-06*01	TCRBJ02	TCRBJ02-06	01				4	7	0	9	5	0	24	37	44	51	56	1	In	VDJ							0.00005698
CGCCTTGTTGCTGGGGGACTCGGCCCTGTATCTCTGTGCCAGCCTCGATCCTGCTCGCGAAAGACCTATGGCTACACCTTCGGTTCG		18	0.39534373	47	TCRBV05-05*01	TCRBV05	TCRBV05-05	01				unresolved		unresolved		TCRBD01,TCRBD02	TCRBD01-01,TCRBD02-01		TCRBJ01-02*01	TCRBJ01	TCRBJ01-02	01				7	19	2	7	0	4	34	43	62	-1	65	1	Out	VDJ							0.00005698
CAGAGCCGAGGGACTCAGCCGTGTATCTCTACAGTAGCAAGGCAAGTTTCTGGACAAAGTCGGGCCAACGTCCTGACTTTCGGGGCC		17	0.37338019	52	TCRBV17-01*01	TCRBV17	TCRBV17-01	01				TCRBD01-01*01	TCRBD01	TCRBD01-01	01				TCRBJ02-06*01	TCRBJ02	TCRBJ02-06	01				5	13	1	6	5	5	29	38	51	56	61	1	Out	VDJ							0.00005381
CTGACAGTGACCAGTGCCCATCCTGAAGACAGCAGCTTCTACATCTGCAGTGTCCCGGACTGGAGTAATAAAGCTTTCTTTGGACAA	CSVPDWSNKAFF	17	0.37338019	36	TCRBV20	TCRBV20	unresolved			TCRBV20-01,TCRBV20-or09_02		TCRBD02-01	TCRBD02	TCRBD02-01				01,02	TCRBJ01-01*01	TCRBJ01	TCRBJ01-01	01				7	4	1	10	9	9	45	52	56	61	70	1	In	VDJ							0.00005381
TTGGAGCTGGAGGACTCGGCCCTGTATCTCTGTGCCAGCAGCTTATACGAGACAGGGGGGACTAACTATGGCTACACCCTCGGTTCG	CASSLYETGGTNYGYTL	17	0.37338019	51	TCRBV05-08*01	TCRBV05	TCRBV05-08	01				TCRBD01-01*01	TCRBD01	TCRBD01-01	01				TCRBJ01-02*01	TCRBJ01	TCRBJ01-02	01				2	6	2	1	20	18	30	44	50	59	79	1	In	VDJ							0.00005381
ATCCTGGAGTCGCCCAGCCCCAACCAGACCTCTCTGTACTTCTGTGCCAGCAGCCCGGGTCTAGCCCTAGAAGCTTTCTTTGGACAA	CASSPGLALEAFF	16	0.35141665	39	TCRBV27-01*01	TCRBV27	TCRBV27-01	01				TCRBD02-01	TCRBD02	TCRBD02-01				01,02	TCRBJ01-01*01	TCRBJ01	TCRBJ01-01	01				6	7	4	7	4	8	42	53	60	65	69	1	In	VDJ							0.00005064
GGAGCTTGGTGACTCTGCTGTGTATTTCTGTGCCAGCAGCTTGTCCAGTTCCATTTTTGGCATCATCAGCCCCAGCATTTTGGTGAT		16	0.35141665	53	TCRBV03	TCRBV03	unresolved			TCRBV03-01,TCRBV03-02		TCRBD01-01*01	TCRBD01	TCRBD01-01	01				TCRBJ01-05*01	TCRBJ01	TCRBJ01-05	01				5	5	4	5	16	5	28	40	45	48	64	1	Out	VDJ							0.00005064
TGCTCCCTCCCAGACATCTGCGTACTTGTGTGCCAGCAGTGAAGTACCGAAAGTAATGGTCGACGAAACACCATATATTTTGGAGAG		16	0.35141665	53	TCRBV06-01*01	TCRBV06	TCRBV06-01	01				unresolved		unresolved		TCRBD01,TCRBD02	TCRBD01-01,TCRBD02-01		TCRBJ01-03*01	TCRBJ01	TCRBJ01-03	01				1	17	2	7	0	5	28	44	61	-1	64	1	Out	VDJ							0.00005064
ATGAGCTCCTTGGAGCTGGGGGACTCAGCCCTGTACTTCTGTGCCAGCAGCTTCACTAGCGGGAGGGAGACCCAGTACTTCGGGCCA	CASSFTSGRETQYF	15	0.32945311	42	TCRBV13-01*01	TCRBV13	TCRBV13-01	01				TCRBD02-01*02	TCRBD02	TCRBD02-01	02				TCRBJ02-05*01	TCRBJ02	TCRBJ02-05	01				3	1	3	1	0	5	39	53	54	-1	66	1	In	VDJ							0.00004748
CACACCCTGCAGCCAGAAGACTCGGCCCTGTATCTCTGCGCCAGCAGCCAAGATAGGACAGGGCAATATGGCTACACCTTCGGTTCG	CASSQDRTGQYGYTF	15	0.32945311	45	TCRBV04-03*01	TCRBV04	TCRBV04-03	01				TCRBD01-01*01	TCRBD01	TCRBD01-01	01				TCRBJ01-02*01	TCRBJ01	TCRBJ01-02	01				0	2	1	3	3	5	36	53	55	63	66	1	In	VDJ							0.00004748
CCTGCAGCCAGAAGACTCAGCCCTGTATCTCTGCGCCAGCAGCGCTGTATTCTAGAACCGAAAACCTATGGCTACACCTTCGGTTCG		15	0.32945311	50	TCRBV04-01*01	TCRBV04	TCRBV04-01	01				TCRBD02-01	TCRBD02	TCRBD02-01				01,02	TCRBJ01-02*01	TCRBJ01	TCRBJ01-02	01				5	8	4	8	10	4	31	43	51	55	65	1	Out	VDJ							0.00004748
GCTTGGTGACTCTGCTGTGTATTTCTGTGCCAGCAGCCAAGATTTACTAGCGGGAGGGCCGGGGACAATGAGCAGTTCTTCGGGCCA		15	0.32945311	56	TCRBV03	TCRBV03	unresolved			TCRBV03-01,TCRBV03-02		TCRBD02-01*02	TCRBD02	TCRBD02-01	02				TCRBJ02-01*01	TCRBJ02	TCRBJ02-01	01				0	3	3	0	6	5	25	42	45	58	64	1	Out	VDJ							0.00004748
GGAGCTGGGGGACTCAGCTTTGTATTTCTGTGCCAGCAGCGTAGTTTAGTATGAGACAGGCTCCCTCTAGGCTACACCTTCGGTTCG		15	0.32945311	53	TCRBV09-01	TCRBV09	TCRBV09-01				01,02	TCRBD01-01*01	TCRBD01	TCRBD01-01	01				TCRBJ01-02*01	TCRBJ01	TCRBJ01-02	01				0	10	2	4	9	8	28	44	54	60	69	1	Out	VDJ							0.00004748
TCGCCCAGCCCCAACCAGACCTCTCTGTACTTCTGTGCCAGCAGTTTATCGGGACAGTATAGCAATCAGCCCCAGCATTTTGGTGAT	CASSLSGQYSNQPQHF	15	0.32945311	48	TCRBV27-01*01	TCRBV27	TCRBV27-01	01				TCRBD01-01*01	TCRBD01	TCRBD01-01	01				TCRBJ01-05*01	TCRBJ01	TCRBJ01-05	01				0	0	0	5	2	0	33	-1	50	57	59	1	In	VDJ							0.00004748
AGATCCAGCCTGCAGAGCTTGGGGACTCGGCCGTGTATCTCTGTGCCAGCAGCCCCCGGGACAGGGGACGGCTACACCTTCGGTTCG		14	0.30748957	40	TCRBV11-03*01	TCRBV11	TCRBV11-03	01				TCRBD01-01*01	TCRBD01	TCRBD01-01	01				TCRBJ01-02*01	TCRBJ01	TCRBJ01-02	01				5	4	0	2	2	8	41	53	57	67	69	1	Out	VDJ							0.00004431
CACAGAGCAGGGGGACTCAGCCGCGTATCTCCGTGCCAGCAGCTTGTCGCAGGGGAAAGGACGGACACTGAAGCTTTCTTTGGACAA		14	0.30748957	50	TCRBV07-03*03	TCRBV07	TCRBV07-03	03				TCRBD01-01*01	TCRBD01	TCRBD01-01	01				TCRBJ01-01*01	TCRBJ01	TCRBJ01-01	01				3	4	4	2	9	3	31	45	49	55	64	1	Out	VDJ							0.00004431
TCTGCCAGGCCCTCACATACCTCTCAGTACCTCTGTGCCAGCAGTGTACAGGAGTCTAGCAGGGGTGAGACCCAGTACTTCGGGCCA	CASSVQESSRGETQYF	14	0.30748957	48	TCRBV25-01*01	TCRBV25	TCRBV25-01	01				TCRBD01-01*01	TCRBD01	TCRBD01-01	01				TCRBJ02-05*01	TCRBJ02	TCRBJ02-05	01				4	13	4	2	1	5	33	46	59	65	66	1	In	VDJ							0.00004431
CACACCCTGCAGCCAGAAGACTCGGCCCTGTATCTCTGTGCCAGCAGCCAACCCCGGGGGGATTACTATGGCTACACCTTCGGTTCG	CASSQPRGDYYGYTF	13	0.28552603	45	TCRBV04-02*01	TCRBV04	TCRBV04-02	01				TCRBD02-01*01	TCRBD02	TCRBD02-01	01				TCRBJ01-02*01	TCRBJ01	TCRBJ01-02	01				2	3	8	1	3	3	36	51	54	61	64	1	In	VDJ							0.00004115
CAGCGCACAGAGCAGCGGGACTCGGCCATGTATCGCTGTGCCAGCAGCTTAGTCGGGGTCGAGAACACTGAAGCTTTCTTTGGACAA	CASSLVGVENTEAFF	13	0.28552603	45	TCRBV07-06*01	TCRBV07	TCRBV07-06	01				TCRBD02-01*01	TCRBD02	TCRBD02-01	01				TCRBJ01-01*01	TCRBJ01	TCRBJ01-01	01				1	1	8	3	4	1	36	52	53	58	62	1	In	VDJ							0.00004115
CCTGCAAAGCTTGAGGACTCGGCCGTGTATCTCTGTGCCAGCAGTTGGCCGGGACTAGCCTCCTTTAATGAGCAGTTCTTCGGGCCA	CASSWPGLASFNEQFF	13	0.28552603	48	TCRBV11-02*02	TCRBV11	TCRBV11-02	02				TCRBD02-01	TCRBD02	TCRBD02-01				01,02	TCRBJ02-01*01	TCRBJ02	TCRBJ02-01	01				6	6	0	7	7	7	33	44	50	59	66	2	In	VDJ							0.00004115
CTGCTCCCTCCCAGACATCTGTGTACTTCTGTGCCAGCAGTTCAACGTTGGGAACAAAGTCGGGCCAACGTCCTGACTTTCGGGGCC		13	0.28552603	52	TCRBV06	TCRBV06	unresolved			TCRBV06-05,TCRBV06-06		unresolved		unresolved		TCRBD01,TCRBD02	TCRBD01-01,TCRBD02-01		TCRBJ02-06*01	TCRBJ02	TCRBJ02-06	01				4	7	0	8	8	5	29	42	49	53	61	1	Out	VDJ							0.00004115
CTGGAGTCCGCCAGCACCAACCAGACATCTATGTACCTCTGTGCCAGCAGGGAAGACAGGGGCAGTTCACCCCTCCACTTTGGGAAC	CASREDRGSSPLHF	13	0.28552603	42	TCRBV28-01*01	TCRBV28	TCRBV28-01	01				TCRBD01-01*01	TCRBD01	TCRBD01-01	01				TCRBJ01-06*01	TCRBJ01	TCRBJ01-06	01				6	4	2	2	3	9	39	50	54	62	65	1	In	VDJ							0.00004115
GAGTCGGCTGCTCCCTCCCAAACATCTGTGTACTTCTGTGCCAGCACCTCGACTAGCGGGGGCTACAATGAGCAGTTCTTCGGGCCA	CASTSTSGGYNEQFF	13	0.28552603	45	TCRBV06	TCRBV06	unresolved			TCRBV06-02,TCRBV06-03		TCRBD02-01*01	TCRBD02	TCRBD02-01	01				TCRBJ02-01*01	TCRBJ02	TCRBJ02-01	01				7	4	2	2	0	3	36	46	50	-1	62	1	In	VDJ							0.00004115
TCCAGCCCTCAGAACCCAGGGACTCAGCTGTGTATTTTTGTGCTAGAAAGGACAGGGGACCTTGCCTACGAGCAGTACTTCGGGCCG		13	0.28552603	43	TCRBV12-05*01	TCRBV12	TCRBV12-05	01				TCRBD01-01*01	TCRBD01	TCRBD01-01	01				TCRBJ02-07*01	TCRBJ02	TCRBJ02-07	01				9	3	1	2	6	2	38	46	49	58	64	1	Out	VDJ							0.00004115
AGAGCAGGGGGACTCAGCTGTGTATCTCTGTGCCAGCAGCTTGGGGACTAGCGGGAGGGCAGTTCCTACGAGCAGTACTTCGGGCCG		12	0.26356249	53	TCRBV07-04*01	TCRBV07	TCRBV07-04	01				TCRBD02-01*02	TCRBD02	TCRBD02-01	02				TCRBJ02-07*01	TCRBJ02	TCRBJ02-07	01				3	1	0	0	4	1	28	42	43	59	63	1	Out	VDJ							0.00003798
CCTGCAGAACTGGAGGATTCTGGAGTTTATTTCTGTGCCAGCAGCCCTACAAGCGGGGGGGCCGTAAATGAGCAGTTCTTCGGGCCA	CASSPTSGGAVNEQFF	12	0.26356249	48	TCRBV14-01*01	TCRBV14	TCRBV14-01	01				TCRBD02-01*01	TCRBD02	TCRBD02-01	01				TCRBJ02-01*01	TCRBJ02	TCRBJ02-01	01				4	5	6	0	5	7	33	46	51	61	66	1	In	VDJ							0.00003798
CAACATGAGCCCTGAAGACAGCAGCATATATCTCTGCAGCGTCGCCTACGCAGGGGCGCCGGCAATGAAAAACTGTTTTTTGGCAGT		11	0.24159895	47	TCRBV29-01*01	TCRBV29	TCRBV29-01	01				TCRBD01-01*01	TCRBD01	TCRBD01-01	01				TCRBJ01-04*01	TCRBJ01	TCRBJ01-04	01				6	8	4	2	7	5	34	42	50	56	63	1	Out	VDJ							0.00003482
CAGCCCTCAGAACCCAGGGACTCAGCTGTGTACTTCTGTGCCAGCAGCCCAGCGGGGGCCTACTACAATGAGCAGTTCTTCGGGCCA	CASSPAGAYYNEQFF	11	0.24159895	45	TCRBV12	TCRBV12	unresolved			TCRBV12-03,TCRBV12-04		TCRBD02-01*01	TCRBD02	TCRBD02-01	01				TCRBJ02-01*01	TCRBJ02	TCRBJ02-01	01				6	3	6	2	4	3	36	47	50	58	62	1	In	VDJ							0.00003482
GAGTCGCCCAGCCCCAACCAGACCTCTCTGTACTTCTGTGCCAGCAGTTTATCGTTACTCCCTTGAGAGACCCAGTACTTCGGGCCA	CASSLSLLP*ETQYF	11	0.24159895	45	TCRBV27-01*01	TCRBV27	TCRBV27-01	01				TCRBD02-01	TCRBD02	TCRBD02-01				01,02	TCRBJ02-05*01	TCRBJ02	TCRBJ02-05	01				0	3	3	10	6	4	36	53	56	59	65	1	Stop	VDJ							0.00003482
GTGAGCACCTTGGAGCTGGGGGACTCGGCCCTTTATCTTTGCGCCAGCAGCTACGACGGACAGAACACTGAAGCTTTCTTCGGACAA	CASSYDGQNTEAFF	11	0.24159895	42	TCRBV05-01*01	TCRBV05	TCRBV05-01	01				TCRBD01-01*01	TCRBD01	TCRBD01-01	01				TCRBJ01-01*01	TCRBJ01	TCRBJ01-01	01				3	5	1	5	18	20	39	52	57	63	81	1	In	VDJ							0.00003482
TCCCTCCCAGACATCTGTGTACTTCTGTGCCAGCAGTTCCCCATTGAAATGTAACAAAGTCGGGCCAACGTCCTGACTTTCGGGGCC		11	0.24159895	56	TCRBV06	TCRBV06	unresolved			TCRBV06-05,TCRBV06-06		TCRBD01-01*01	TCRBD01	TCRBD01-01	01				TCRBJ02-06*01	TCRBJ02	TCRBJ02-06	01				4	15	3	6	5	5	25	38	53	56	61	1	Out	VDJ							0.00003482
AGCTCTCTGGAGCTGGGGGACTCAGCTTTGTATTTCTGTGCCAGCTGCGAGCACTCAAGAAAGACCTATGGCTACACCTTCGGTTCG	CASCEHSRKTYGYTF	10	0.21963541	45	TCRBV09-01	TCRBV09	TCRBV09-01				01,02	unresolved		unresolved		TCRBD01,TCRBD02	TCRBD01-01,TCRBD02-01		TCRBJ01-02*01	TCRBJ01	TCRBJ01-02	01				3	13	2	7	0	4	36	49	62	-1	65	1	In	VDJ							0.00003165
AGTGCCCATCCTGAAGACAGCAGCTTCTACATCTGCAGTGCTAAGGGCTGGACGGGACATCTGAACACTGAAGCTTTCTTTGGACAA	CSAKGWTGHLNTEAFF	10	0.21963541	48	TCRBV20	TCRBV20	unresolved			TCRBV20-01,TCRBV20-or09_02		TCRBD01-01*01	TCRBD01	TCRBD01-01	01				TCRBJ01-01*01	TCRBJ01	TCRBJ01-01	01				4	10	0	6	2	0	33	43	53	59	61	1	In	VDJ							0.00003165
ATCCAGCAGGTAGTGCGAGGAGATTCGGCAGCTTATTTCTGTGCCAGCTCACCACCGGACAGGGAAAGAGGAGCTTTCTTTGGACAA	CASSPPDRERGAFF	10	0.21963541	42	TCRBV18-01*01	TCRBV18	TCRBV18-01	01				TCRBD01-01*01	TCRBD01	TCRBD01-01	01				TCRBJ01-01*01	TCRBJ01	TCRBJ01-01	01				0	0	1	3	7	10	39	-1	56	64	71	1	In	VDJ							0.00003165
ATTCTGGAGTCCGCCAGCACCAACCAGACATCTATGTACCTCTGTGCCAGCATACCAGGGTCCTCCTACGAGCAGTACTTCGGGCCG	CASIPGSSYEQYF	10	0.21963541	39	TCRBV28-01*01	TCRBV28	TCRBV28-01	01				TCRBD01-01*01	TCRBD01	TCRBD01-01	01				TCRBJ02-07*01	TCRBJ02	TCRBJ02-07	01				7	3	4	3	2	0	42	52	55	60	62	1	In	VDJ							0.00003165
CCTGGAGCTTGGTGACTCTGCTGTGTATTTCTGTGCCAGCAGCAACGTCGGTCCCATTTCAATCGCACTGAAGCTTTCTTTGGACAA		10	0.21963541	50	TCRBV03	TCRBV03	unresolved			TCRBV03-01,TCRBV03-02		TCRBD02-01	TCRBD02	TCRBD02-01				01,02	TCRBJ01-01*01	TCRBJ01	TCRBJ01-01	01				5	5	8	5	14	4	31	43	48	51	65	1	Out	VDJ							0.00003165
CTGATTCTGGAGTCCGCCAGCACCAACCAGACATCTATGTACCTCTGTGCCAGCAGTCCGGTAAGCAATGAGCAGTTCTTCGGGCCA	CASSPVSNEQFF	10	0.21963541	36	TCRBV28-01*01	TCRBV28	TCRBV28-01	01				TCRBD02-01	TCRBD02	TCRBD02-01				01,02	TCRBJ02-01*01	TCRBJ02	TCRBJ02-01	01				5	1	8	5	4	6	45	57	58	61	65	1	In	VDJ							0.00003165
CTTCACCTACACACCCTGCAGCCAGAAGACTCGGCCCTGCATCTCTGTGCCAGCAGCCAAGGGGCCAATGAGCAGTTCTTCGGGCCA	CASSQGANEQFF	10	0.21963541	36	TCRBV04-02*01	TCRBV04	TCRBV04-02	01				TCRBD01-01*01	TCRBD01	TCRBD01-01	01				TCRBJ02-01*01	TCRBJ02	TCRBJ02-01	01				1	0	8	0	0	6	45	-1	61	-1	65	1	In	VDJ							0.00003165
GAGTCCGCCAGCACCAACCAGACATCTATGTACCTCTGTGCCAGCAGTCCCCTGGACGGGCTAACTAATGAGCAGTTCTTCGGGCCA	CASSPLDGLTNEQFF	10	0.21963541	45	TCRBV28-01*01	TCRBV28	TCRBV28-01	01				unresolved		unresolved		TCRBD01,TCRBD02	TCRBD01-01,TCRBD02-01		TCRBJ02-01*01	TCRBJ02	TCRBJ02-01	01				5	5	1	7	9	7	36	48	53	57	66	1	In	VDJ							0.00003165
TGTGACATCGGCCCAAAAGAACCCGACAGCTTTCTATCTCTGTGCCAGTAGTATCAACATTAGTACAATGAGCAGTTCTTCGGGCCA		10	0.21963541	41	TCRBV19-01	TCRBV19	TCRBV19-01				01,02	unresolved		unresolved		TCRBD01,TCRBD02	TCRBD01-01,TCRBD02-01		TCRBJ02-01*01	TCRBJ02	TCRBJ02-01	01				3	2	3	6	4	4	40	54	56	59	63	1	Out	VDJ							0.00003165
AGCAGCGGGACTCAGCCATGTATCGCTGTGCCAGCAGCCTGATGATTAATGCCACAAAGTCGGGCCAACGTCCTGACTTTCGGGGCC		9	0.19767186	55	TCRBV07-07*01	TCRBV07	TCRBV07-07	01				TCRBD01-01*01	TCRBD01	TCRBD01-01	01				TCRBJ02-06*01	TCRBJ02	TCRBJ02-06	01				5	15	3	6	5	5	26	38	53	56	61	1	Out	VDJ							0.00002849
CCCTCAGAACCCAGGGACTCAGCTGTGTACTTCTGTGCCAGCAGTCCGTCCCGGGACCGCTCTTACAATGAGCAGTTCTTCGGGCCA	CASSPSRDRSYNEQFF	9	0.19767186	48	TCRBV12	TCRBV12	unresolved			TCRBV12-03,TCRBV12-04		unresolved		unresolved		TCRBD01,TCRBD02	TCRBD01-01,TCRBD02-01		TCRBJ02-01*01	TCRBJ02	TCRBJ02-01	01				5	7	0	7	6	4	33	45	52	57	63	1	In	VDJ							0.00002849
CTGTCCCTAGAGTCTGCCATCCCCAACCAGACAGCTCTTTACTTCTGTGCCACCAGTGATTTTCGAGATACGCAGTATTTTGGCCCA	CATSDFRDTQYF	9	0.19767186	36	TCRBV24	TCRBV24	unresolved			TCRBV24-01,TCRBV24-or09_02		TCRBD02-01	TCRBD02	TCRBD02-01				01,02	TCRBJ02-03*01	TCRBJ02	TCRBJ02-03	01				1	1	8	6	0	5	45	62	63	-1	65	1	In	VDJ							0.00002849
CTTGTTGCTGGGGGACTCGGCCCTGTATCTCTGTGCCAGCAGCTCCCAAAGGGGGACAGGGGTAACTATGGCTACACCTTCGGTTCG		9	0.19767186	50	TCRBV05-05*01	TCRBV05	TCRBV05-05	01				TCRBD01-01*01	TCRBD01	TCRBD01-01	01				TCRBJ01-02*01	TCRBJ01	TCRBJ01-02	01				3	8	0	2	0	1	31	44	52	-1	62	1	Out	VDJ							0.00002849
GACAGAGGATTTCCTCCTCACTCTGGAGTCCGCTACCAGCTCCCAGACATCTGTGTACTTCGATGGTCACCCCTCCACTTTGGGAAC		9	0.19767186	20	TCRBV10-03*01	TCRBV10	TCRBV10-03	01				unresolved		unresolved		TCRBD01,TCRBD02	TCRBD01-01,TCRBD02-01		TCRBJ01-06*01	TCRBJ01	TCRBJ01-06	01				17	3	0	10	0	10	61	61	64	-1	66	1	Out	VDJ							0.00002849
GGAGTCGCCCAGCCCCAACCAGACCTCTCTGTACTTCTGTGCCAGCACGGGTTCCCGGCCTAGCGCAACGAGCAGTACTTCGGGCCA		9	0.19767186	44	TCRBV27-01*01	TCRBV27	TCRBV27-01	01				TCRBD02-01	TCRBD02	TCRBD02-01				01,02	TCRBJ02-05*01	TCRBJ02	TCRBJ02-05	01				7	12	4	6	7	11	37	47	59	65	72	1	Out	VDJ							0.00002849
AACGCCTTGGAGCTGGACGACTCGGCCCTGTATCTCTGTGCCAGCAGGCGTCTAGCGGGGGGCCAAGAGACCCAGTACTTCGGGCCA	CASRRLAGGQETQYF	8	0.17570832	45	TCRBV05-04*01	TCRBV05	TCRBV05-04	01				TCRBD02-01*01	TCRBD02	TCRBD02-01	01				TCRBJ02-05*01	TCRBJ02	TCRBJ02-05	01				5	4	4	1	0	1	36	47	51	-1	62	1	In	VDJ							0.00002532
AAGATCCGGTCCACAAAGCTGGAGGACTCAGCCATGTACTTCTGTGCCAGCAGTGAAGGTCTGGTCTACGAGCAGTACTTCGGGCCG	CASSEGLVYEQYF	8	0.17570832	39	TCRBV02-01*01	TCRBV02	TCRBV02-01	01				unresolved		unresolved		TCRBD01,TCRBD02	TCRBD01-01,TCRBD02-01		TCRBJ02-07*01	TCRBJ02	TCRBJ02-07	01				1	4	0	10	1	3	42	58	62	64	65	1	In	VDJ							0.00002532
ATCCAGCCCTCAGAACCCAGGGACTCAGCTGTGTATTTTTGTGCTAGTGTCGAGGCAGGAGGTACAGATACGCAGTATTTTGGCCCA	CASVEAGGTDTQYF	8	0.17570832	42	TCRBV12-05*01	TCRBV12	TCRBV12-05	01				TCRBD02-01*02	TCRBD02	TCRBD02-01	02				TCRBJ02-03*01	TCRBJ02	TCRBJ02-03	01				7	8	10	1	1	3	39	49	57	62	63	1	In	VDJ							0.00002532
ATCCAGCGCACAGAGCGGGGGGACTCAGCCGTGTATCTCTGTGCCAGCAGCGACGGGACTAGGGGGGATACGCAGTATTTTGGCCCA	CASSDGTRGDTQYF	8	0.17570832	42	TCRBV07-03*01	TCRBV07	TCRBV07-03	01				TCRBD02-01	TCRBD02	TCRBD02-01				01,02	TCRBJ02-03*01	TCRBJ02	TCRBJ02-03	01				5	3	0	8	4	6	39	51	54	62	66	1	In	VDJ							0.00002532
CAGCACCAACCAGACATCTATGTACCTCTGTGCCAGCAGTCCCCACGCCTGGGGGAGGTAAGTACCGGGGAGCTGTTTTTTGGAGAA		8	0.17570832	53	TCRBV28-01*01	TCRBV28	TCRBV28-01	01				TCRBD02-01*02	TCRBD02	TCRBD02-01	02				TCRBJ02-02*01	TCRBJ02	TCRBJ02-02	01				5	12	9	1	5	5	28	40	52	58	63	1	Out	VDJ							0.00002532
CAGCGCACACAGCAGGAGGACTCCGCCGTGTATCTCTGTGCCAGCAGCCCTCCGGGACTAGCGTTGAATGAGCAGTTCTTCGGGCCA	CASSPPGLALNEQFF	8	0.17570832	45	TCRBV07-08*01	TCRBV07	TCRBV07-08	01				TCRBD02-01	TCRBD02	TCRBD02-01				01,02	TCRBJ02-01*01	TCRBJ02	TCRBJ02-01	01				5	5	0	6	3	7	36	48	53	63	66	1	In	VDJ							0.00002532
GGCTGCTCCCTCCCAGACATCTGTGTACTTCTGTGCCAGCAGTAGTTGGCCAGGTGGGAAAAGACCTATGGCTACACCTTCGGTTCG		8	0.17570832	50	TCRBV06	TCRBV06	unresolved			TCRBV06-01,TCRBV06-05,TCRBV06-06		unresolved		unresolved		TCRBD01,TCRBD02	TCRBD01-01,TCRBD02-01		TCRBJ01-02*01	TCRBJ01	TCRBJ01-02	01				5	12	0	8	6	4	31	43	55	59	65	1	Out	VDJ							0.00002532
TACCCCCTCAGACATCTGTGTACTTCTGTGCCAGCAGTGAGGAGCGCTCACACGACAAGTCGGGCCAACGTCCTGACTTTCGGGGCC		8	0.17570832	55	TCRBV06-04	TCRBV06	TCRBV06-04				01,02	unresolved		unresolved		TCRBD01,TCRBD02	TCRBD01-01,TCRBD02-01		TCRBJ02-06*01	TCRBJ02	TCRBJ02-06	01				3	13	2	6	4	5	26	40	53	57	61	1	Out	VDJ							0.00002532
CAGCGCACACAGCAGGAGGACTCCGCCGTGTATCTCTGTGCCAGCAGCTTCAGGACGGTGAGCTCCTACGAGCAGTACTTCGGGCCG	CASSFRTVSSYEQYF	7	0.15374478	45	TCRBV07-08*01	TCRBV07	TCRBV07-08	01				unresolved		unresolved		TCRBD01,TCRBD02	TCRBD01-01,TCRBD02-01		TCRBJ02-07*01	TCRBJ02	TCRBJ02-07	01				3	2	1	7	6	0	36	50	52	56	62	1	In	VDJ							0.00002216
CCCCTGACCCTGGAGTCTGCCAGGCCCTCACATACCTCTCAGTACCTCTGTGCCAGCAGTCCCGGGGACGAGCAGTACTTCGGGCCG	CASSPGDEQYF	7	0.15374478	33	TCRBV25-01*01	TCRBV25	TCRBV25-01	01				TCRBD02-01*01	TCRBD02	TCRBD02-01	01				TCRBJ02-07*01	TCRBJ02	TCRBJ02-07	01				5	2	8	3	0	5	48	60	62	-1	67	1	In	VDJ							0.00002216
CGCCTTGGAGCTGGACGACTCGGCCCTGTATCTCTGTGCCAGCTTCACCTGCGACCAGGAAAGACCTATGGCTACACCTTCGGTTCG		7	0.15374478	47	TCRBV05-04*01	TCRBV05	TCRBV05-04	01				TCRBD01-01*01	TCRBD01	TCRBD01-01	01				TCRBJ01-02*01	TCRBJ01	TCRBJ01-02	01				7	12	4	4	6	4	34	43	55	59	65	1	Out	VDJ							0.00002216
CTACACACCCTGCAGCCAGAAGACTCGGCCCTGTATCTCTGTGCCAGCAGCCAAAGAGATTATACCTACGAGCAGTACTTCGGGCCG	CASSQRDYTYEQYF	7	0.15374478	42	TCRBV04-02*01	TCRBV04	TCRBV04-02	01				TCRBD02-01*02	TCRBD02	TCRBD02-01	02				TCRBJ02-07*01	TCRBJ02	TCRBJ02-07	01				2	1	11	2	6	2	39	54	55	58	64	1	In	VDJ							0.00002216
CTAGAGTCTGCCATCCCCAACCAGACAGCTCTTTACTTCTGTGCCACCAGTGATGGGGGGACAAACTACGAGCAGTACTTCGGGCCG	CATSDGGTNYEQYF	7	0.15374478	42	TCRBV24	TCRBV24	unresolved			TCRBV24-01,TCRBV24-or09_02		unresolved		unresolved		TCRBD01,TCRBD02	TCRBD01-01,TCRBD02-01		TCRBJ02-07*01	TCRBJ02	TCRBJ02-07	01				3	3	0	6	2	3	39	54	57	63	65	1	In	VDJ							0.00002216
GAGTCGGCTGCTCCCTCCCAGACATCTGTGTACTTCTGTGCCAGCATCTATCTAATCGGGGGTGAATCACCCCCCCACTTTGGGAAC	CASIYLIGGESPPHF	7	0.15374478	45	TCRBV06-01*01	TCRBV06	TCRBV06-01	01				TCRBD02-01*01	TCRBD02	TCRBD02-01	01				TCRBJ01-06*01	TCRBJ01	TCRBJ01-06	01				7	10	8	2	12	18	36	46	56	62	74	1	In	VDJ							0.00002216
GCCATCCCCAACCAGACAGCTCTTTACTTCTGTGCCACCAGTGAGAACCCCGGACTAGCGGGGTCCTACGAGCAGTACTTCGGGCCG	CATSENPGLAGSYEQYF	7	0.15374478	51	TCRBV24	TCRBV24	unresolved			TCRBV24-01,TCRBV24-or09_02		TCRBD02-01*01	TCRBD02	TCRBD02-01	01				TCRBJ02-07*01	TCRBJ02	TCRBJ02-07	01				4	7	1	3	0	1	30	44	51	-1	63	1	In	VDJ							0.00002216
ACTGTGAGCAACATGAGCCCTGAAGACAGCAGCATATATCTCTGCAGCGCTGAGGGGGGGCCGAATCAGCCCCAGCATTTTGGTGAT	CSAEGGPNQPQHF	6	0.13178124	39	TCRBV29-01*01	TCRBV29	TCRBV29-01	01				TCRBD02-01*01	TCRBD02	TCRBD02-01	01				TCRBJ01-05*01	TCRBJ01	TCRBJ01-05	01				3	0	9	0	3	4	42	-1	53	60	63	1	In	VDJ							0.00001899
AGGCTGGAGTCGGCTGCTCCCTCCCAGACATCTGTGTACTTCTGTGCCAGCAGTAGACAGGGATTCTACGAGCAGTACTTCGGGCCG	CASSRQGFYEQYF	6	0.13178124	39	TCRBV06-01*01	TCRBV06	TCRBV06-01	01				TCRBD01-01*01	TCRBD01	TCRBD01-01	01				TCRBJ02-07*01	TCRBJ02	TCRBJ02-07	01				5	1	2	3	3	3	42	54	55	62	65	1	In	VDJ							0.00001899
AGTGCCCATCCTGAAGACAGCAGCTTCTACATCTGCAGTGCTAGAGTATCAGGAGACGGCTTCAATCAGCCCCAGCATTTTGGTGAT	CSARVSGDGFNQPQHF	6	0.13178124	48	TCRBV20	TCRBV20	unresolved			TCRBV20-01,TCRBV20-or09_02		unresolved		unresolved		TCRBD01,TCRBD02	TCRBD01-01,TCRBD02-01		TCRBJ01-05*01	TCRBJ01	TCRBJ01-05	01				1	3	4	4	9	3	33	46	49	53	62	1	In	VDJ							0.00001899
CCTTCTCAGTGACTCTGGCTTCTATCTCTGTGCCTGGAATTACGAGCGTTATAACAAAACCGGGCCAACGTCCTGACTTTCGGGGCC		6	0.13178124	53	TCRBV30-01*01	TCRBV30	TCRBV30-01	01				TCRBD02-01	TCRBD02	TCRBD02-01				01,02	TCRBJ02-06*01	TCRBJ02	TCRBJ02-06	01				4	6	6	6	13	5	28	38	44	48	61	1	Out	VDJ							0.00001899
CTGGAGTCCGCCAGCACCAACCAGACATCTATGTACCTCTGTGCCAGCACCTCCCAAGAGGGGCTATACGAGCAGTACTTCGGGCCG	CASTSQEGLYEQYF	6	0.13178124	42	TCRBV28-01*01	TCRBV28	TCRBV28-01	01				unresolved		unresolved		TCRBD01,TCRBD02	TCRBD01-01,TCRBD02-01		TCRBJ02-07*01	TCRBJ02	TCRBJ02-07	01				7	9	5	2	3	4	39	49	58	63	66	1	In	VDJ							0.00001899
CTGTCCCTAGAGTCTGCCATCCCCAACCAGACAGCTCTTTACTTCTGTGCCACCAGTGATTTTCAAGGTGGCTACACCTTCGGTTCG	CATSDFQGGYTF	6	0.13178124	36	TCRBV24	TCRBV24	unresolved			TCRBV24-01,TCRBV24-or09_02		unresolved		unresolved		TCRBD01,TCRBD02	TCRBD01-01,TCRBD02-01		TCRBJ01-02*01	TCRBJ01	TCRBJ01-02	01				1	3	5	4	0	7	45	62	65	-1	68	1	In	VDJ							0.00001899
TCCCTGGAGCTTGGTGACTCTGCTGTGTATTTCTGTGCCAGCAGCACGGCGAGTCCCATCGTGTTAGACGAGCAGTACTTCGGGCCG	CASSTASPIVLDEQYF	6	0.13178124	48	TCRBV03	TCRBV03	unresolved			TCRBV03-01,TCRBV03-02		unresolved		unresolved		TCRBD01,TCRBD02	TCRBD01-01,TCRBD02-01		TCRBJ02-07*01	TCRBJ02	TCRBJ02-07	01				5	2	9	0	17	5	33	45	47	50	67	1	In	VDJ							0.00001899
TGACAGTGACCAGTGCCCATCCTGAAGACAGCAGCTTCTACATCTGCAGTGCTATTGACAAGGGGTGAAAAACTGTTTTTTGGCAGT		6	0.13178124	37	TCRBV20	TCRBV20	unresolved			TCRBV20-01,TCRBV20-or09_02		TCRBD01-01*01	TCRBD01	TCRBD01-01	01				TCRBJ01-04*01	TCRBJ01	TCRBJ01-04	01				4	6	5	2	0	7	44	54	60	-1	65	1	Out	VDJ							0.00001899
AACCCAGGGACTTGGGCCTATATTTCTGTGCCAGCAGCCCCGAGACCAGCGGGAGAGTTGGTTGCCGACGAGCAGTACTTCGGGCCA		5	0.1098177	55	TCRBV12-01*01	TCRBV12	TCRBV12-01	01				TCRBD02-01*02	TCRBD02	TCRBD02-01	02				TCRBJ02-05*01	TCRBJ02	TCRBJ02-05	01				5	9	6	2	17	11	26	38	47	55	72	1	Out	VDJ							0.00001583
CGAACAGAGCAGGGGGACTCGGCCATGTATCTCTGTGCCAGCAGCCAAGAAGCAGGGAGGAACCCCTACGAGCAGTACTTCGGGCCG	CASSQEAGRNPYEQYF	5	0.1098177	48	TCRBV07-09	TCRBV07	TCRBV07-09				01,03	TCRBD02-01*02	TCRBD02	TCRBD02-01	02				TCRBJ02-07*01	TCRBJ02	TCRBJ02-07	01				5	9	9	1	4	2	33	45	54	60	64	1	In	VDJ							0.00001583
CGCACAGAGCAGGGGGACTCGGCCATGTATCTCTGTGCCAGCAGCTTGAAGGGGGTGTCCCTTTACAATGAGCAGTTCTTCGGGCCA	CASSLKGVSLYNEQFF	5	0.1098177	48	TCRBV07-09	TCRBV07	TCRBV07-09				01,03	TCRBD01-01*01	TCRBD01	TCRBD01-01	01				TCRBJ02-01*01	TCRBJ02	TCRBJ02-01	01				3	2	5	1	8	4	33	47	49	55	63	1	In	VDJ							0.00001583
CTGCAGCCAGAAGACTCAGCCCTGTATCTCTGCGCCAGCAGCCAATATATCGGGACAGGTGGGAACACTGAAGCTTTCTTTGGACAA	CASSQYIGTGGNTEAFF	5	0.1098177	51	TCRBV04-01*01	TCRBV04	TCRBV04-01	01				TCRBD01-01*01	TCRBD01	TCRBD01-01	01				TCRBJ01-01*01	TCRBJ01	TCRBJ01-01	01				2	6	0	4	3	1	30	45	51	59	62	1	In	VDJ							0.00001583
CTGGAGTCGCCCAGCCCCAACCAGGCCTCTCTGTACTTCTGTGCCAGCAGTCCCCGGAGGGGAGAAGAGACCCAGTACTTCGGGCCA	CASSPRRGEETQYF	5	0.1098177	42	TCRBV27-01*01	TCRBV27	TCRBV27-01	01				TCRBD02-01*02	TCRBD02	TCRBD02-01	02				TCRBJ02-05*01	TCRBJ02	TCRBJ02-05	01				5	4	10	0	3	3	39	51	55	61	64	1	In	VDJ							0.00001583
TCTAAGAAGCTCCTTCTCAGTGACTCTGGCTTCTATCTCTGTGCCTGGAGTCTCGGACAGAGTTCTTATGGCTACACCTTCGGTTCG	CAWSLGQSSYGYTF	5	0.1098177	42	TCRBV30-01*01	TCRBV30	TCRBV30-01	01				TCRBD01-01*01	TCRBD01	TCRBD01-01	01				TCRBJ01-02*01	TCRBJ01	TCRBJ01-02	01				2	3	1	5	6	5	39	51	54	60	66	1	In	VDJ							0.00001583
AGTGCCCATCCTGAAGACAGCAGCTTCTACATCTGCAGTGCTAGGGAGGGCGGTAGCGGGAGGGACGGGGAGCTGTTTTTTGGAGAA	CSAREGGSGRDGELFF	4	0.08785416	48	TCRBV20	TCRBV20	unresolved			TCRBV20-01,TCRBV20-or09_02		TCRBD02-01*02	TCRBD02	TCRBD02-01	02				TCRBJ02-02*01	TCRBJ02	TCRBJ02-02	01				3	9	5	0	1	7	33	44	53	64	65	1	In	VDJ							0.00001266
CCCGCTCCCAGACATCTGTGCATTTCTGCGCCAGCAGTTGATATCCCACTTCTAACAAATCGGGCCAACGTCCTGACTTTCGGGGCC		4	0.08785416	55	TCRBV10-02*01	TCRBV10	TCRBV10-02	01				unresolved		unresolved		TCRBD01,TCRBD02	TCRBD01-01,TCRBD02-01		TCRBJ02-06*01	TCRBJ02	TCRBJ02-06	01				5	16	3	6	4	5	26	38	54	57	61	1	Out	VDJ							0.00001266
CTACACGCCCTGCAGCCAGAAGACTCAGCCCTGTATCTCTGCGCCAGCAGCACCCTAGCGCTCCAAGAGACCCAGTACTTCGGGCCA	CASSTLALQETQYF	4	0.08785416	42	TCRBV04-01*01	TCRBV04	TCRBV04-01	01				TCRBD02-01	TCRBD02	TCRBD02-01				01,02	TCRBJ02-05*01	TCRBJ02	TCRBJ02-05	01				5	3	4	6	2	1	39	51	54	60	62	1	In	VDJ							0.00001266
GGAGCTTGGTGACTCTGCTGTGTATTTCTGTGCCAGCAGCAAGGGGGGTACCATTTCCATTCCGACAATGAGCAGTTCTTCGGGCCA		4	0.08785416	53	TCRBV03	TCRBV03	unresolved			TCRBV03-01,TCRBV03-02		unresolved		unresolved		TCRBD01,TCRBD02	TCRBD01-01,TCRBD02-01		TCRBJ02-01*01	TCRBJ02	TCRBJ02-01	01				5	1	5	1	17	5	28	40	41	47	64	1	Out	VDJ							0.00001266
GTGAGCAACATGAGCCCTGAAGACAGCAGCATATATCTCTGCAGCGTTGAAGATAAAGGGAGCTCCTACGAGCAGTACTTCGGGCCG	CSVEDKGSSYEQYF	4	0.08785416	42	TCRBV29-01*01	TCRBV29	TCRBV29-01	01				TCRBD02-01*02	TCRBD02	TCRBD02-01	02				TCRBJ02-07*01	TCRBJ02	TCRBJ02-07	01				0	4	9	2	0	0	39	53	57	-1	62	1	In	VDJ							0.00001266
TGGAGCTTGGTGACTCTGCTGTGTATTTCTGTGCCAGCAGCATACAGGTTCCCATTTTTGGCTCATCAGCCCCAGCATTTTGGTGAT		4	0.08785416	52	TCRBV03	TCRBV03	unresolved			TCRBV03-01,TCRBV03-02		TCRBD01-01*01	TCRBD01	TCRBD01-01	01				TCRBJ01-05*01	TCRBJ01	TCRBJ01-05	01				5	2	3	4	16	5	29	41	43	48	64	1	Out	VDJ							0.00001266
TGGAGCTTGGTGACTCTGCTGTGTATTTCTGTGCCAGCAGCCTATAACTTCCCATTCCATTCCGACAATGAGCAGTTCTTCGGGCCA		4	0.08785416	52	TCRBV03	TCRBV03	unresolved			TCRBV03-01,TCRBV03-02		TCRBD02-01	TCRBD02	TCRBD02-01				01,02	TCRBJ02-01*01	TCRBJ02	TCRBJ02-01	01				4	4	3	10	15	5	29	42	46	49	64	1	Out	VDJ							0.00001266
ACCCTGCAGCCAGAAGACTCGGCCCTGTATCTCTGCGCCAGCAGCCCCGAGGAAGGGGGGGGATCAGAGACCCAGTACTTCGGGCCA	CASSPEEGGGSETQYF	3	0.06589062	48	TCRBV04-03*01	TCRBV04	TCRBV04-03	01				TCRBD02-01*01	TCRBD02	TCRBD02-01	01				TCRBJ02-05*01	TCRBJ02	TCRBJ02-05	01				4	8	9	0	4	4	33	46	54	61	65	1	In	VDJ							0.0000095
AGCCCCAACCAGACCTCTCTGTACTTCTGTGCCAGCAGTTTAATAGGCAGAGCAGGGGGCTTCTCCTACGAGCAGTACTTCGGGCCG	CASSLIGRAGGFSYEQYF	3	0.06589062	54	TCRBV27-01*01	TCRBV27	TCRBV27-01	01				TCRBD01-01*01	TCRBD01	TCRBD01-01	01				TCRBJ02-07*01	TCRBJ02	TCRBJ02-07	01				2	10	4	0	2	0	27	42	52	60	62	1	In	VDJ							0.0000095
ATCCTGGAGTCGCCCAGCCCCAACCAGACCTCTCTGTACTTCTGTGCCAGCAGTTTAAAGGACAGACACGAGCAGTACTTCGGGCCG	CASSLKDRHEQYF	3	0.06589062	39	TCRBV27-01*01	TCRBV27	TCRBV27-01	01				TCRBD01-01*01	TCRBD01	TCRBD01-01	01				TCRBJ02-07*01	TCRBJ02	TCRBJ02-07	01				2	2	1	5	2	5	42	57	59	65	67	1	In	VDJ							0.0000095
ATTTCCCCCTGATCCTGGAGTCGCCCAGCCCCAACCAGACCTCTCTGTACTTCTGTGCCAGCATTCTACGAGCAGTACTTCGGGCCG		3	0.06589062	28	TCRBV27-01*01	TCRBV27	TCRBV27-01	01				unresolved		unresolved					TCRBJ02-07*01	TCRBJ02	TCRBJ02-07	01				7	0	0	0	2	3	53	-1	-1	63	65	1	Out	VJ							0.0000095
CTGGAGTCGCCCAGCCCCAACCAGACCTCTCTGTACTTCTGTGCCAGCAGTCCCCGGAGGGGAGAAGAGACCCAGTACTTCGGGCCA	CASSPRRGEETQYF	3	0.06589062	42	TCRBV27-01*01	TCRBV27	TCRBV27-01	01				TCRBD02-01*02	TCRBD02	TCRBD02-01	02				TCRBJ02-05*01	TCRBJ02	TCRBJ02-05	01				5	4	10	0	3	3	39	51	55	61	64	1	In	VDJ							0.0000095
CTTGGAGCTGGGGGACTCGGCCCTTTATCTTTGCGCCAGCAGCGGGACTAAGAAGGGACCCGCACAGATACGCAGTATTTTGGCCCA		3	0.06589062	50	TCRBV05-01*01	TCRBV05	TCRBV05-01	01				TCRBD02-01	TCRBD02	TCRBD02-01				01,02	TCRBJ02-03*01	TCRBJ02	TCRBJ02-03	01				4	0	0	9	11	1	31	-1	43	50	61	1	Out	VDJ							0.0000095
GCAAAGCTTGAGGACTCGGCCGTGTATCTCTGTGCCAGCAGCTTTTCTGGGACACGACTTATCACCGGGGAGCTGTTTTTTGGAGAA	CASSFSGTRLITGELFF	3	0.06589062	51	TCRBV11-02*02	TCRBV11	TCRBV11-02	02				TCRBD01-01*01	TCRBD01	TCRBD01-01	01				TCRBJ02-02*01	TCRBJ02	TCRBJ02-02	01				3	4	0	6	8	4	30	44	48	54	62	1	In	VDJ							0.0000095
GCAGGGGGACTCAGCTGTGTATCTCTGTGCCAGCAGCAGCCAATATTCAGCTCACAAAGGCGGGCCAACGTCCTGACTTTCGGGGCC		3	0.06589062	56	TCRBV07-04*01	TCRBV07	TCRBV07-04	01				unresolved		unresolved		TCRBD01,TCRBD02	TCRBD01-01,TCRBD02-01		TCRBJ02-06*01	TCRBJ02	TCRBJ02-06	01				5	16	3	6	5	5	25	37	53	56	61	1	Out	VDJ							0.0000095
GCTGCTCCCTCCCAAACATCTGTGTACTTCTGTGCCAGCAGTGCGGAATCGCGGTGCTGAAAGACCTATGGCTACACCTTCGGTTCG	CASSAESRC*KTYGYTF	3	0.06589062	51	TCRBV06	TCRBV06	unresolved			TCRBV06-02,TCRBV06-03		TCRBD02-01	TCRBD02	TCRBD02-01				01,02	TCRBJ01-02*01	TCRBJ01	TCRBJ01-02	01				5	0	7	5	19	4	30	-1	42	46	65	1	Stop	VDJ							0.0000095
GGTGACTCAGCCCTGTACTTCTGTGCCAGCAGCCCGTAGACCCGGGACAGGACTATACTCATGAACACTGAAGCTTTCTTTGGACAA	CASSP*TRDRTILMNTEAFF	3	0.06589062	60	TCRBV13-01*01	TCRBV13	TCRBV13-01	01				TCRBD01-01*01	TCRBD01	TCRBD01-01	01				TCRBJ01-01*01	TCRBJ01	TCRBJ01-01	01				5	10	0	4	10	0	21	33	43	51	61	1	Stop	VDJ							0.0000095
TCAGAACCCAGGGACTCAGCTGTGTACTTCTGTGCCAGCAGTAGCCCGATCACAGCAGGAAAGATCTATGGCTACACCTTCGGTTCG	CASSSPITAGKIYGYTF	3	0.06589062	51	TCRBV12	TCRBV12	unresolved			TCRBV12-03,TCRBV12-04		TCRBD01-01*01	TCRBD01	TCRBD01-01	01				TCRBJ01-02*01	TCRBJ01	TCRBJ01-02	01				5	9	3	5	10	4	30	42	51	55	65	1	In	VDJ							0.0000095
TCGGCTGCTCCCTCCCAGACATCTGTGTACTTCTGTGCCAGCAGTTACTCGAAAGCGGGAACATCCTACGAGCAGTACTTCGGGCCG	CASSYSKAGTSYEQYF	3	0.06589062	48	TCRBV06-05*01	TCRBV06	TCRBV06-05	01				TCRBD02-01*02	TCRBD02	TCRBD02-01	02				TCRBJ02-07*01	TCRBJ02	TCRBJ02-07	01				0	3	6	3	3	1	33	50	53	60	63	1	In	VDJ							0.0000095
AACGCCTTGTTGCTGGGGGACTCGGCCCTCTATCTCTGTGCCAGCAGCTCCCAAGGACTAGCGGACTACGAGCAGTACTTCGGGCCG	CASSSQGLADYEQYF	2	0.04392708	45	TCRBV05-06*01	TCRBV05	TCRBV05-06	01				TCRBD02-01	TCRBD02	TCRBD02-01				01,02	TCRBJ02-07*01	TCRBJ02	TCRBJ02-07	01				3	5	1	5	1	3	36	49	54	64	65	1	In	VDJ							0.00000633
AAGCTCCTTCTCAGTGACTCTGGCTTCTATCTCTGTGCCTGGAGCGTGCCCCCAAGACAGTTCCCTTACGAGCAGTACTTCGGGCCG	CAWSVPPRQFPYEQYF	2	0.04392708	48	TCRBV30-01*01	TCRBV30	TCRBV30-01	01				TCRBD01-01*01	TCRBD01	TCRBD01-01	01				TCRBJ02-07*01	TCRBJ02	TCRBJ02-07	01				3	11	2	5	6	4	33	44	55	60	66	1	In	VDJ							0.00000633
ACATACCTCTCAGTACCTCTGTGCCAGCAGTGATTAGGGCGGACGGATGCGGCGGGAGGAAAATCCTACGAGCAGTACTTCGGGCCG		2	0.04392708	62	TCRBV25	TCRBV25	unresolved			TCRBV25-01,TCRBV25-or09_02		TCRBD02-01*02	TCRBD02	TCRBD02-01	02				TCRBJ02-07*01	TCRBJ02	TCRBJ02-07	01				3	18	7	1	4	1	19	33	51	59	63	1	Out	VDJ							0.00000633
ACATACCTCTCAGTACCTCTGTGCCAGCAGTTATTAGGGCGGACGGATGCGGCGGGAGGAAAATCCTACGAGCAGTACTTCGGGCCG		2	0.04392708	62	TCRBV25	TCRBV25	unresolved			TCRBV25-01,TCRBV25-or09_02		TCRBD02-01*02	TCRBD02	TCRBD02-01	02				TCRBJ02-07*01	TCRBJ02	TCRBJ02-07	01				5	20	7	1	4	1	19	31	51	59	63	1	Out	VDJ							0.00000633
ACTGTGAGCAACATGAGCCCTGAAGACAGCAGCATATATCTCTGCAGCGCCGGGGGGGGTGGGCATCAGCCCCAGCATTTTGGTGAT	CSAGGGGHQPQHF	2	0.04392708	39	TCRBV29-01*01	TCRBV29	TCRBV29-01	01				TCRBD02-01*01	TCRBD02	TCRBD02-01	01				TCRBJ01-05*01	TCRBJ01	TCRBJ01-05	01				7	1	8	0	6	5	42	49	50	58	64	1	In	VDJ							0.00000633
AGTTCTAAGAAGCTCCTTCTCAGTGACTCTGGCTTCTATCTCTGTGCCTGGAGTGTGGGGGGCGTCTACGAGCAGTACTTCGGGCCG	CAWSVGGVYEQYF	2	0.04392708	39	TCRBV30-01*01	TCRBV30	TCRBV30-01	01				unresolved		unresolved		TCRBD01,TCRBD02	TCRBD01-01,TCRBD02-01		TCRBJ02-07*01	TCRBJ02	TCRBJ02-07	01				0	1	6	0	2	3	42	56	57	63	65	1	In	VDJ							0.00000633
CACACCCTGCAGCCAGAAGACTCGGCCCTTTATCTCTGCGCCAGCAGCCAAGATAGGACAGGGCAATATGGCTACACCTTCGGTTCG	CASSQDRTGQYGYTF	2	0.04392708	45	TCRBV04-03*01	TCRBV04	TCRBV04-03	01				TCRBD01-01*01	TCRBD01	TCRBD01-01	01				TCRBJ01-02*01	TCRBJ01	TCRBJ01-02	01				0	2	1	3	3	5	36	53	55	63	66	1	In	VDJ							0.00000633
CACCTACACACCCTGCAGCCAGAGGACTCGGCCCTGTATCTCTGCGCCAGCAGCCCCGCCAGGAACACTGAAGCTTTCTTTGGACAA	CASSPARNTEAFF	2	0.04392708	39	TCRBV04-03*01	TCRBV04	TCRBV04-03	01				TCRBD01-01*01	TCRBD01	TCRBD01-01	01				TCRBJ01-01*01	TCRBJ01	TCRBJ01-01	01				4	4	4	5	0	1	42	55	59	-1	62	1	In	VDJ							0.00000633
CAGAGCAGCGGGACTCGGCCATGTATCGCTGTGCCAGCAGCGGCGGCCTTGAATTCTCGAAAGACCTATGGCTACACCTTCGGTTCG		2	0.04392708	52	TCRBV07-06*01	TCRBV07	TCRBV07-06	01				TCRBD02-01	TCRBD02	TCRBD02-01				01,02	TCRBJ01-02*01	TCRBJ01	TCRBJ01-02	01				5	1	7	5	19	4	29	41	42	46	65	1	Out	VDJ							0.00000633
CAGCGCACACAGCAGGAGGACTCCGCCGTGTATCTCCGTGCCAGCAGCTTCAGGACGGTGAGCTCCTACGAGCAGTACTTCGGGCCG	RASSFRTVSSYEQYF	2	0.04392708	45	TCRBV07-08*01	TCRBV07	TCRBV07-08	01				unresolved		unresolved		TCRBD01,TCRBD02	TCRBD01-01,TCRBD02-01		TCRBJ02-07*01	TCRBJ02	TCRBJ02-07	01				3	2	1	7	6	0	36	50	52	56	62	1	In	VDJ							0.00000633
CAGCGCACACAGCAGGAGGACTCGGCCGTGTATCTCTGTGCCAGCAGCTTTTATAGGAGGAGCTCCTACGAGCAGTACTTCGGGCCA	CASSFYRRSSYEQYF	2	0.04392708	45	TCRBV07-02*01	TCRBV07	TCRBV07-02	01				TCRBD02-01*02	TCRBD02	TCRBD02-01	02				TCRBJ02-05*01	TCRBJ02	TCRBJ02-05	01				3	5	10	1	12	11	36	50	55	60	72	1	In	VDJ							0.00000633
CAGCGCGCACAGCAGGAGGACTCGGCCGTGTATCTCTGTGCCAGCAGCTTTTATAGGAGGAGCTCCTACGAGCAGTACTTCGGGCCG	CASSFYRRSSYEQYF	2	0.04392708	45	TCRBV07-02*01	TCRBV07	TCRBV07-02	01				TCRBD02-01*02	TCRBD02	TCRBD02-01	02				TCRBJ02-07*01	TCRBJ02	TCRBJ02-07	01				3	5	10	1	2	0	36	50	55	60	62	1	In	VDJ							0.00000633
CAGTGACCAGTGCCCATCCTGAAGACAGCAGCTTCTACATCTGCAGTGCTAGAGATATCAGAGAATCAGCCCCAGCATTTTGGTGAT		2	0.04392708	40	TCRBV20	TCRBV20	unresolved			TCRBV20-01,TCRBV20-or09_02		unresolved		unresolved		TCRBD01,TCRBD02	TCRBD01-01,TCRBD02-01		TCRBJ01-05*01	TCRBJ01	TCRBJ01-05	01				0	3	4	5	2	4	41	55	58	61	63	1	Out	VDJ							0.00000633
CATCCTAAGTTCTAAGAAGCTCCTTCTCAGTGACTCTGGCTTCTATCTCCTGAGGGGTGGGTCAGTTCACCCCTCCACTTTGGGAAC		2	0.04392708	32	TCRBV30-01*01	TCRBV30	TCRBV30-01	01				unresolved		unresolved		TCRBD01,TCRBD02	TCRBD01-01,TCRBD02-01		TCRBJ01-06*01	TCRBJ01	TCRBJ01-06	01				14	3	5	2	8	9	49	49	52	57	65	1	Out	VDJ							0.00000633
CATCCTGAGTTCTAAGAAGCTCCTTCTCAGTGACTCTGGCTTCTATCTCCTGAGGGGTGGGTCAGTTCACCCCTCCACTTTGGGAAC		2	0.04392708	32	TCRBV30-01*01	TCRBV30	TCRBV30-01	01				unresolved		unresolved		TCRBD01,TCRBD02	TCRBD01-01,TCRBD02-01		TCRBJ01-06*01	TCRBJ01	TCRBJ01-06	01				14	3	5	2	8	9	49	49	52	57	65	1	Out	VDJ							0.00000633
CCCCTGACCCTGGAGTCTGCCAGGCCCTCACATACCTCTCAGTACCTCTGTGCCAGCAGTCCCGGGGACGAGCAGTACTTCGGGCCA	CASSPGDEQYF	2	0.04392708	33	TCRBV25-01*01	TCRBV25	TCRBV25-01	01				unresolved		unresolved		TCRBD01,TCRBD02	TCRBD01-01,TCRBD02-01		TCRBJ02-05*01	TCRBJ02	TCRBJ02-05	01				5	4	0	7	3	11	48	60	64	69	72	1	In	VDJ							0.00000633
CCTGCAGCCAGAAGACGCAGCCCTGTATCTCTGCGCCAGCAGCGCTGTATTCTAGAACCGAAAACCTATGGCTACACCTTCGGTTCG		2	0.04392708	50	TCRBV04-01*01	TCRBV04	TCRBV04-01	01				TCRBD02-01	TCRBD02	TCRBD02-01				01,02	TCRBJ01-02*01	TCRBJ01	TCRBJ01-02	01				5	8	4	8	10	4	31	43	51	55	65	1	Out	VDJ							0.00000633
CCTGCAGCCAGAAGACTCAGCCCTGTGTCTCTGCGCCAGCAGCGCTGTATTCTAGAACCGAAAACCTATGGCTACACCTTCGGTTCG		2	0.04392708	50	TCRBV04-01*01	TCRBV04	TCRBV04-01	01				TCRBD02-01	TCRBD02	TCRBD02-01				01,02	TCRBJ01-02*01	TCRBJ01	TCRBJ01-02	01				5	8	4	8	10	4	31	43	51	55	65	1	Out	VDJ							0.00000633
CCTGCAGCCAGAAGACTCGGCCCTGTATCTCTGTGCCAGCAGCCGTATTGCCAAGGTTGAAAGACCTATGGCTACACCTTCGGTTCG		2	0.04392708	50	TCRBV04-02*01	TCRBV04	TCRBV04-02	01				unresolved		unresolved		TCRBD01,TCRBD02	TCRBD01-01,TCRBD02-01		TCRBJ01-02*01	TCRBJ01	TCRBJ01-02	01				4	18	2	7	0	4	31	44	62	-1	65	1	Out	VDJ							0.00000633
CCTGGAGCTTGGTGACTCTGCTGTGTATTTCTGTGCCAGCAGCGGTGCGGTTCCCATTCAATTCGCACTGAAGCTTTCTTTGGACAA		2	0.04392708	50	TCRBV03	TCRBV03	unresolved			TCRBV03-01,TCRBV03-02		TCRBD02-01	TCRBD02	TCRBD02-01				01,02	TCRBJ01-01*01	TCRBJ01	TCRBJ01-01	01				5	3	7	5	15	4	31	43	46	50	65	1	Out	VDJ							0.00000633
CGGTCCAAAAAGCTGGAGGACTCAGCCATGTACTTCTGTGCCAGCATCCAAGGCCCGGGACGGAGTTACGAGCAGTACTTCGGGCCG	CASIQGPGRSYEQYF	2	0.04392708	45	TCRBV02-01*01	TCRBV02	TCRBV02-01	01				unresolved		unresolved		TCRBD01,TCRBD02	TCRBD01-01,TCRBD02-01		TCRBJ02-07*01	TCRBJ02	TCRBJ02-07	01				7	10	0	7	5	4	36	46	56	61	66	1	In	VDJ							0.00000633
CTCCCTCCCAAACATCTGTGTACTTCTGTGCCAGCAGTATCCGAAGGTGGTGCTACAAGTCGGGCCAACGTCCTGACTTTCGGGGCC		2	0.04392708	55	TCRBV06	TCRBV06	unresolved			TCRBV06-02,TCRBV06-03		unresolved		unresolved		TCRBD01,TCRBD02	TCRBD01-01,TCRBD02-01		TCRBJ02-06*01	TCRBJ02	TCRBJ02-06	01				5	16	3	6	4	5	26	38	54	57	61	1	Out	VDJ							0.00000633
CTGACTGTGAGCAACATGAGCCCTGAAGACAGCAGCATATATCTCTGCAGCGTTCGTCGGGACGGTGAAAAACTGTTTTTTGGCAGT	CSVRRDGEKLFF	2	0.04392708	36	TCRBV29-01*01	TCRBV29	TCRBV29-01	01				unresolved		unresolved		TCRBD01,TCRBD02	TCRBD01-01,TCRBD02-01		TCRBJ01-04*01	TCRBJ01	TCRBJ01-04	01				5	4	0	7	2	7	45	54	58	63	65	1	In	VDJ							0.00000633
GAGTCGGCTGCTCCCTCCCAAACATCTGTGTACTTCTGTGCCAGCACCTCGACTAGCGGGGGCTACAATGAGCAGTTCCTCGGGCCA	CASTSTSGGYNEQFL	2	0.04392708	45	TCRBV06	TCRBV06	unresolved			TCRBV06-02,TCRBV06-03		TCRBD02-01*01	TCRBD02	TCRBD02-01	01				TCRBJ02	TCRBJ02	unresolved			TCRBJ02-01,TCRBJ02-05		7	4	2	2	17	20	36	46	50	62	79	1	In	VDJ							0.00000633
GAGTCGGCTGCTCCCTCCCAGACATCTGTGTACTTCTGTGCCAGCATCTATCTAATCGGGGGTGAATCACCCCCCCACCTTGGGAAC	CASIYLIGGESPPHL	2	0.04392708	45	TCRBV06-01*01	TCRBV06	TCRBV06-01	01				TCRBD02-01*01	TCRBD02	TCRBD02-01	01				TCRBJ01-06*01	TCRBJ01	TCRBJ01-06	01				7	10	8	2	17	23	36	46	56	62	79	1	In	VDJ							0.00000633
GCCATCCCCAACCAGACAGCTCTTTACTTCTGTGCCACCAGTGAGAACCCCGGACTAGCGGGGTCCTACGAGCAGTACCTCGGGCCG	CATSENPGLAGSYEQYL	2	0.04392708	51	TCRBV24	TCRBV24	unresolved			TCRBV24-01,TCRBV24-or09_02		TCRBD02-01*01	TCRBD02	TCRBD02-01	01				TCRBJ02-07*01	TCRBJ02	TCRBJ02-07	01				4	7	1	3	16	17	30	44	51	63	79	1	In	VDJ							0.00000633
GCTGCTCCCTCCCAGACATCTGTGTACTGCGGTGCCAGCAGTTACTCGAAATGGAGTGACTATAACTATGGCTACACCTTCGGTTCG	GASSYSKWSDYNYGYTF	2	0.04392708	51	TCRBV06	TCRBV06	unresolved			TCRBV06-05,TCRBV06-06		TCRBD02-01	TCRBD02	TCRBD02-01				01,02	TCRBJ01-02*01	TCRBJ01	TCRBJ01-02	01				0	10	2	9	0	1	30	47	57	-1	62	1	In	VDJ							0.00000633
GCTTGGTGACTCTGCTGTGTATTTCTGTGCCAGCAGCAGCGCGGCTCCCATTTCATACACCATAATTCACCCCTCCACTTTGGGAAC		2	0.04392708	56	TCRBV03	TCRBV03	unresolved			TCRBV03-01,TCRBV03-02		TCRBD02-01	TCRBD02	TCRBD02-01				01,02	TCRBJ01-06*01	TCRBJ01	TCRBJ01-06	01				5	0	6	6	20	5	25	-1	37	41	61	1	Out	VDJ							0.00000633
GTGACCAGTGCCCATCCTGAAGACAGCAGCTTCTACATCTGCAGTGCTAGAGAGTACGACAACTACTACGAGCAGTACTTCGGGCCG	CSAREYDNYYEQYF	2	0.04392708	42	TCRBV20	TCRBV20	unresolved			TCRBV20-01,TCRBV20-or09_02		unresolved		unresolved		TCRBD01,TCRBD02	TCRBD01-01,TCRBD02-01		TCRBJ02-07*01	TCRBJ02	TCRBJ02-07	01				0	4	2	6	4	3	39	53	57	61	65	1	In	VDJ							0.00000633
GTGACCAGTGCCCATCCTGAAGACAGCAGCTTCTACATCTGCAGTGCTAGTCAAGGGACCAGCCTCTACGAGCAGTACTTCGGGCCG	CSASQGTSLYEQYF	2	0.04392708	42	TCRBV20	TCRBV20	unresolved			TCRBV20-01,TCRBV20-or09_02		unresolved		unresolved		TCRBD01,TCRBD02	TCRBD01-01,TCRBD02-01		TCRBJ02-07*01	TCRBJ02	TCRBJ02-07	01				3	4	0	7	6	3	39	50	54	59	65	1	In	VDJ							0.00000633
GTGACCAGTGCCCATCCTGAAGACAGCAGCTTCTACATCTGCAGTGCTCCGGGGTTTCGGAAACTCGGCGAGCAGTACTTCGGGCCG	CSAPGFRKLGEQYF	2	0.04392708	42	TCRBV20	TCRBV20	unresolved			TCRBV20-01,TCRBV20-or09_02		TCRBD02-01*01	TCRBD02	TCRBD02-01	01				TCRBJ02-07*01	TCRBJ02	TCRBJ02-07	01				5	1	8	3	14	6	39	48	49	54	68	1	In	VDJ							0.00000633
TGGAGCTTGGTGACTCTGCTGTGTATTTCTGTGCCAGCAGCATGTTGGATCCCATTTTGGCATCATCAGCCCCAGCATTTTGGTGAT		2	0.04392708	52	TCRBV03	TCRBV03	unresolved			TCRBV03-01,TCRBV03-02		unresolved		unresolved		TCRBD01,TCRBD02	TCRBD01-01,TCRBD02-01		TCRBJ01-05*01	TCRBJ01	TCRBJ01-05	01				5	5	1	8	15	5	29	41	46	49	64	1	Out	VDJ							0.00000633
TTCCTTCACCTACACACCCTGCAGCCAGAAGACTCGGCCCTGTATCTCTGCGCCAGCAGCCTGGGTAGGGAGCAGTTCCTCGGGCCA	CASSLGREQFL	2	0.04392708	33	TCRBV04-03*01	TCRBV04	TCRBV04-03	01				TCRBD02-01*02	TCRBD02	TCRBD02-01	02				TCRBJ02	TCRBJ02	unresolved			TCRBJ02-01,TCRBJ02-05		4	6	9	2	7	20	48	61	67	72	79	1	In	VDJ							0.00000633
TTCCTTCACCTACCCACCCTGCAGCCAGAAGACTCGGCCCTGTATCTCTGCGCCAGCAGCCTGGGTAGGGAGCAGTTCTTCGGGCCA	CASSLGREQFF	2	0.04392708	33	TCRBV04-03*01	TCRBV04	TCRBV04-03	01				unresolved		unresolved		TCRBD01,TCRBD02	TCRBD01-01,TCRBD02-01		TCRBJ02-01*01	TCRBJ02	TCRBJ02-01	01				4	1	0	9	4	10	48	61	62	65	69	1	In	VDJ							0.00000633
