nucleotide	aminoAcid	count (reads)	frequencyCount (%)	cdr3Length	vMaxResolved	vFamilyName	vGeneName	vGeneAllele	vFamilyTies	vGeneNameTies	vGeneAlleleTies	dMaxResolved	dFamilyName	dGeneName	dGeneAllele	dFamilyTies	dGeneNameTies	dGeneAlleleTies	jMaxResolved	jFamilyName	jGeneName	jGeneAllele	jFamilyTies	jGeneNameTies	jGeneAlleleTies	vDeletion	n1Insertion	d5Deletion	d3Deletion	n2Insertion	jDeletion	vIndex	n1Index	dIndex	n2Index	jIndex	estimatedNumberGenomes	sequenceStatus	cloneResolved	vOrphon	dOrphon	jOrphon	vFunction	dFunction	jFunction	fractionNucleated	vAlignLength	vAlignSubstitutionCount	vAlignSubstitutionIndexes	vAlignSubstitutionGeneThreePrimeIndexes	vSeqWithMutations
ATCCCGGGTTTCCCCAGGCCAGATGGTAGGTTTGAAGTGCGGTCTGTGTCACTGTGGTATTATGATTACGTTTGGGGGAGTTATCGTTCGGAGATCTACTCCATAGAACGTTGACTACTGGGGCCAGGGA		53492	87.98894628	65	unresolved		unresolved					IGHD03-16*02	IGHD03	IGHD03-16	02				IGHJ04-01*02	IGHJ04	IGHJ04-01	02				0	0	0	5	19	3	-1	-1	56	88	107	442	Out	DJ							NA	0	0			No mutations for this sequence.
CAGGTCAGCCCTGGACATCCCGGGTTTCCCCAGGCCTGGCGGTAGGTTTGGGGTGAGGTCTGTGTCACTGTGGTATTACGATTTTTGGAGTGGTTATCTCGATTGGTACTTCGATCTCTGGGGCCGTGGC		331	0.54446162	49	unresolved		unresolved					IGHD03-22*01	IGHD03	IGHD03-22	01				IGHJ02-01*01	IGHJ02	IGHJ02-01	01				0	0	0	6	4	2	-1	-1	72	97	101	3	Out	DJ							NA	0	0			No mutations for this sequence.
AGACACGTCTAAGAACCAGTTCTCCCTGAAGCTGAGCTCTGTGACTGCCGCGGACACGGCCGTGTATTACTGTGCGAGAGGGCTTATAGTGGCTACGAATCATCGGTACTTTGACTACTGGGGCCAGGGA	CARGLIVATNHRYFDYW	246	0.4046452	51	IGHV04-34*09	IGHV04	IGHV04-34	09				IGHD05-12*01	IGHD05	IGHD05-12	01				IGHJ04-01*02	IGHJ04	IGHJ04-01	02				0	3	5	4	8	2	70	81	84	98	106	2	In	VDJ							NA	0	0			No mutations for this sequence.
CAGAGACAATTCCAAGAACACGCTGTATCTGCAAATGAACAGCCTGAGAGCTGAGGACACGGCTGTATATTACTGTGCGAGAGATTGGGGGTATAGCAATGGGTGGACCTTTGACTACTGGGGCCAGGGA	CARDWGYSNGWTFDYW	246	0.4046452	48	IGHV03	IGHV03	unresolved			IGHV03-64,IGHV03-30_3,IGHV03-30		IGHD06	IGHD06	unresolved			IGHD06-13,IGHD06-19,IGHD06-25		IGHJ04-01*02	IGHJ04	IGHJ04-01	02				0	4	0	11	10	4	73	84	88	98	108	2	In	VDJ							NA	0	0			No mutations for this sequence.
AGCCCCGGACATCCCGGGTTTCCCCAGGCTGGGCGGTAGGTTTGGGGTGAGGTCTGTGTCACTGTGGTTTTACTATGGTTCGGGGAGTTATTATACAGGACTTAACTGGTTCGACCCCTGGGGCCAGGGA		226	0.37174721	55	unresolved		unresolved					IGHD03-10*01	IGHD03	IGHD03-10	01				IGHJ05-01*02	IGHJ05	IGHJ05-01	02				0	0	0	2	8	2	-1	-1	66	95	103	2	Out	DJ							NA	0	0			No mutations for this sequence.
GTCAGCCCTGGACATCCCGGGTTTCCCCAGGCCTGGCGGTAGGTTTGAAGTGAGGTCTGTGTCACTGTGGTATTACTATGATAGTAGTGGTTATTACTACGTGATCCGGTTCCAGCACTGGGGCCAGGGC		205	0.33720433	52	unresolved		unresolved					IGHD03-22*01	IGHD03	IGHD03-22	01				IGHJ01-01*01	IGHJ01	IGHJ01-01	01				0	0	0	0	9	9	-1	-1	69	100	109	1	Out	DJ							NA	0	0			No mutations for this sequence.
GCCAGGCCAGAGCCAGCAAAAGGGACCTCGGTGACACCAGTAGGGACAGGAGGATTTTGTGGGGGCTCGTGTCACTGTGAGCATATTGTGGTGGTGATTGCTATTCTGGTTCGACCCCTGGGGCCAGGGA		192	0.31582064	42	unresolved		unresolved					IGHD02-15*01	IGHD02	IGHD02-15	01				IGHJ05-01*02	IGHJ05	IGHJ05-01	02				0	0	0	14	9	4	-1	-1	79	96	105	1	Out	DJ							NA	0	0			No mutations for this sequence.
AGGAGAGCCAGGCCAGAGCCAGCAAAAGGGACCTCGGTGACACCAGTAGGGACAGGAGGATTTTGTGGGGGCTCGTGTCACTCTGAGCATATTGTGGTGGTGATTGCAGAGACATGTTTTCCCTCAGGGA		184	0.30266145	36	unresolved		unresolved					IGHD02-15*01	IGHD02	IGHD02-15	01				unresolved		unresolved		IGHJ04,IGHJ05	IGHJ04-01,IGHJ05-01		0	0	0	14	22	20	-1	-1	85	102	124	1	Out	DJ							NA	0	0			No mutations for this sequence.
CTCCTCAGGTCAGCCCCGGACATCCCGGGTTTCCCCAGGCTGGGCGGTAGGTTTGGGGTGAGGTCTGTGTCACTGTGGTATTACTATGGTTCGGGGAGTTATACAATTCCGTGACTACTGGGGCCAGGGA		167	0.27469816	44	unresolved		unresolved					IGHD03-10*01	IGHD03	IGHD03-10	01				IGHJ04-01*02	IGHJ04	IGHJ04-01	02				0	0	0	6	9	7	-1	-1	77	102	111	1	Out	DJ							NA	0	0			No mutations for this sequence.
AGCCCTGGACATCCCGGGTTTCCCCAGGCCTGGCGGTAGGTTTGAAGTGAGGTCTGTGTCACTGTGGTATTACTATGATAGTAGTGGTTATTACTACGGGACCCGTCCCTTTGACTACTGGGGCCAGGGA		153	0.25166957	55	unresolved		unresolved					IGHD03-22*01	IGHD03	IGHD03-22	01				IGHJ04-01*02	IGHJ04	IGHJ04-01	02				0	0	0	0	11	4	-1	-1	66	97	108	2	Out	DJ							NA	0	0			No mutations for this sequence.
AGCCCCGGACATCCCGGGCTTCCCCAGGCTGGGCGGTAGGTTTGGGGTGAGGTCTGTGTCACTGTGGTATTACTATGGTTCGGGGAGTTATGATGCAGGACTAAACTGGGTCGACCCCTGGGGCCAGGGA		148	0.24344508	55	unresolved		unresolved					IGHD03-10*01	IGHD03	IGHD03-10	01				IGHJ05-01*02	IGHJ05	IGHJ05-01	02				0	0	0	6	12	2	-1	-1	66	91	103	2	Out	DJ							NA	0	0			No mutations for this sequence.
ACTCACTGTATCTGCAAATGAACAGCCTGAGAGCCGAGGACACGGCTGTGTATTACTGTGCGAGAGTTCCCCGATTACGATATTTTGACTGGTTATTATTTTCTGGTACTTCGATCTCTGGGGCCGTGGC		147	0.24180018	65	IGHV03	IGHV03	unresolved			IGHV03-h,IGHV03-48,IGHV03-21,IGHV03-11,IGHV03-07		IGHD03-09*01	IGHD03	IGHD03-09	01				IGHJ02-01*01	IGHJ02	IGHJ02-01	01				1	7	2	3	1	1	56	66	73	99	100	2	Out	VDJ							NA	0	0			No mutations for this sequence.
ACAGCCCCGCCTCCAGTTCCAGGTGTGGTTATTGTCAGGCGATGTCAGACTGTGGTGGATATAGTGGCTACGAGGAGCTGGCATCTGAGTCGACTACTACTACTACTACATGGACGTCTGGGGCAAAGGG		133	0.21877159	67	unresolved		unresolved					IGHD05-12*01	IGHD05	IGHD05-12	01				IGHJ06-01*03	IGHJ06	IGHJ06-01	03				0	0	0	4	19	3	-1	-1	54	73	92	1	Out	DJ							NA	0	0			No mutations for this sequence.
CCTCAGGTCAGCCCCGGACATCCCGGGTTTCCCCAGGCTGGGCGGTAGGTTTGGGGTGAGGTCTGTGTCACTGTGGTATGACTATGGTTCAGGGAGTTAAGATTTGTGGAGAGGCTACTGGGGCCAGGGA		129	0.21219199	46	unresolved		unresolved					IGHD03-10*01	IGHD03	IGHD03-10	01				IGHJ04-01*02	IGHJ04	IGHJ04-01	02				0	0	0	7	13	8	-1	-1	75	99	112	1	Out	DJ							NA	0	0			No mutations for this sequence.
GGTCAGCCCTGGACATCCCGGGTTTCCCCAGGCCTGGCGGTAGGTTTGGGGTGAGGTCTGTGTCACTGTGGTATTACGATTTTTGGAGTGGTCCCCCAACTACTGGTACTTCGATCTCTGGGGCCGTGGC		125	0.2056124	51	unresolved		unresolved					IGHD03-22*01	IGHD03	IGHD03-22	01				IGHJ02-01*01	IGHJ02	IGHJ02-01	01				0	0	0	24	22	0	-1	-1	70	77	99	1	Out	DJ							NA	0	0			No mutations for this sequence.
CCATGGGGCCCTGCTGCCTCCTCAGGTCAGCCCCGGACATCTTGGGTTTCCCCAGGCTGGGCGGTAGGTTTGGGGTGAGGTCTGTGTCACTGTGGTATTACTATGATTCGGGGAGTCCTGGGGCCAGGGA		117	0.1924532	27	unresolved		unresolved					IGHD03-10*01	IGHD03	IGHD03-10	01				unresolved		unresolved		IGHJ04,IGHJ05	IGHJ04-01,IGHJ05-01		0	0	0	10	0	11	-1	-1	94	-1	115	1	Out	DJ							NA	0	0			No mutations for this sequence.
GACATCCCGGGTTTCCCCAGGCCAGATGGTAGGTTTGAAGTGAGGTCTGTGTCACTGTGATATTATGATTACATTTGGGGGAGTTATCGTTGTACCTGTCCAATACTACTTTGACTACTGGGGCCAGGGA		112	0.18422871	62	unresolved		unresolved					IGHD03-16*02	IGHD03	IGHD03-16	02				IGHJ04-01*02	IGHJ04	IGHJ04-01	02				0	0	0	0	8	0	-1	-1	59	96	104	2	Out	DJ							NA	0	0			No mutations for this sequence.
CCACAGGAGACCCCACGCAGCAGCCCAGCCCCTACCCAGGAGGCCCCAGAGCTCAGGGCGCCTGGGTGGATTCTGAACAGCCCCGAGGCACGGTGGGTATAGTGGGAGCTAGGACTACTGGGGCCAGGGA		103	0.16942461	26	unresolved		unresolved					IGHD01-26*01	IGHD01	IGHD01-26	01				IGHJ04-01*02	IGHJ04	IGHJ04-01	02				0	0	0	4	1	8	-1	-1	95	111	112	1	Out	DJ							NA	0	0			No mutations for this sequence.
GTTGAGCCCAGCAAGGGAAGGCCCCCAAACAGACCAGGAGGTTTCTGAAGGTGTCTGTGCCACAGTGGGGTATAGCAGCAGCTTGGCAGTTGTACAGTTGTCGACATACTTCCAGCACTGGGGCCAGGGC		100	0.16448992	54	unresolved		unresolved					IGHD06-13*01	IGHD06	IGHD06-13	01				IGHJ01-01*01	IGHJ01	IGHJ01-01	01				0	0	0	5	22	5	-1	-1	67	83	105	1	Out	DJ							NA	0	0			No mutations for this sequence.
CCCAAGTGACACCCTTTCAAGTGCAGTCTACCTTACAAGGACCAACCTGAAAGCCAAGGGCAAGGCCGTATATTACAGTGACGGCAGTTTAGGAGACGTCGACAAGTGCTTGGAGCACTGGGGCCAGGGC	SDGSLGDVDKCLEHW	99	0.16284502	45	IGHV_III-26_1*01	IGHV_III	IGHV_III-26_1	01				unresolved		unresolved		IGHD03,IGHD06	IGHD03-16,IGHD06-19		IGHJ01-01*01	IGHJ01	IGHJ01-01	01				4	25	27	5	2	13	76	81	106	111	113	1	In	VDJ							NA	0	0			No mutations for this sequence.
TCCTCAGGTCAGCCCCGGACATCCCGGGTTTCCCCAGGCTGGGCGGTAGGTTTGGGGTGAGGTCTGTGTCACTGTGGTATTACTATGGTTCAGGGAGTTATTATACGCCTTTGACTACTGGGGCCAGGGA		90	0.14804093	45	unresolved		unresolved					IGHD03-10*01	IGHD03	IGHD03-10	01				IGHJ04-01*02	IGHJ04	IGHJ04-01	02				0	0	0	2	3	4	-1	-1	76	105	108	1	Out	DJ							NA	0	0			No mutations for this sequence.
ATCAGGTCAGCCCTGGACATCCCGGGTTTCCCCAGGCCTGGCGGTAGGTTTGAAGTGAGGTCTGTGTCACTGTGATATTACTATGATAGTAGTGGCCCACGGTGGTGCTTTTGATATCTGGGGCCAAGGG		87	0.14310623	47	unresolved		unresolved					IGHD03-22*01	IGHD03	IGHD03-22	01				IGHJ03-01*02	IGHJ03	IGHJ03-01	02				0	0	0	10	7	0	-1	-1	74	95	102	2	Out	DJ							NA	0	0			No mutations for this sequence.
AGACCCCACGCAGCAGCCCAGCCCCTACCCAGGAGGCCCCAGAGCTCAGGGCGCCTGGGTGGATTCTGAACAGCCCCGAGTCACGGTGGGTATAGTGGGAGCTCACCAATTTGACTACTGGGGCCAGGGA		86	0.14146133	33	unresolved		unresolved					IGHD01-26*01	IGHD01	IGHD01-26	01				IGHJ04-01*02	IGHJ04	IGHJ04-01	02				0	0	0	5	4	3	-1	-1	88	103	107	1	Out	DJ							NA	0	0			No mutations for this sequence.
GATTTTGACTGAGGACACAGCACCATGGGTATGGTGGCTACCGCAGCAGTGCAGCCCGTGACCCAAACACACAGGGCAGCAGGCACAACAGACAAGCCCACAAGTGACCACCCTGAGCTCCTGCCTGGGA		78	0.12830214	88	unresolved		unresolved		IGHV06,IGHV_II	IGHV06-or15_adap05,IGHV06-or15_adap03,IGHV_II-40_1		IGHD05-12*01	IGHD05	IGHD05-12	01				unresolved		unresolved		IGHJ04,IGHJ05	IGHJ04-01,IGHJ05-01		21	12	9	6	81	18	33	21	33	41	122	2	Out	VDJ							NA	0	0			No mutations for this sequence.
CATCTCCAGAGACAATTCCAGGAACACACTGTATCTGCAAATGGACAGCCTGAGGGCCGAGGACACGGCCGTTTTTTACTGTGCGACAGATGTTACAGCAGTGGCTGGTGGGGACCACTGGGGCCAGGGA	CATDVTAVAGGDHW	76	0.12501234	42	IGHV03-23	IGHV03	IGHV03-23				05,04,01	IGHD06-19*01	IGHD06	IGHD06-19	01				unresolved		unresolved		IGHJ04,IGHJ05	IGHJ04-01,IGHJ05-01		0	6	6	2	3	8	79	90	96	109	112	2	In	VDJ							NA	0	0			No mutations for this sequence.
ATCCCGGGTTTCCCCAGGCCAGATGGTAGGTTTGAAGTGCGGTCTGTGTCACTGTGGTATTATGATTACGTTTGGGGGAGTTGGCGTTCGGAGATCTACTCCATAGAACGTTGACTACTGGGGCCAGGGA		71	0.11678784	65	unresolved		unresolved					IGHD03-16	IGHD03	IGHD03-16				01,02	IGHJ04-01*02	IGHJ04	IGHJ04-01	02				0	0	0	11	25	3	-1	-1	56	82	107	2	Out	DJ							NA	0	0			No mutations for this sequence.
CATGACCAGGGACACGTCCACGAGCACAGCCTACATGGAGCTGAGCAGTCAGAGATCTGAGGACATAGATGTGTACTACTGTGCTGAAGTTGACCGTCTCCTGGTCGACTTTGACTACTGGGGCCAGGGA	CAEVDRLLVDFDYW	70	0.11514294	42	IGHV01-14*01	IGHV01	IGHV01-14	01				unresolved		unresolved		IGHD02,IGHD03,IGHD06	IGHD02-08,IGHD03-09,IGHD06-13,IGHD06-19		IGHJ04-01*02	IGHJ04	IGHJ04-01	02				6	16	11	15	0	1	79	84	100	-1	105	2	In	VDJ							NA	0	0			No mutations for this sequence.
CGCGGACAAATCCACGAACACAGCCTACATGGAGTTGAGCAGCCTGAGATCTGAGGACACGGCCATGTATTACTGTGCGAGGGCCCGGGGCGACTACTACTACTACTACATGGACGTCTGGGGCAAAGGG	CARARGDYYYYYMDVW	64	0.10527355	48	IGHV01-69	IGHV01	IGHV01-69				10,09,08,06,04,02	IGHD03-10	IGHD03	IGHD03-10				01,02	IGHJ06-01*03	IGHJ06	IGHJ06-01	03				3	4	14	12	2	3	73	81	85	90	92	1	In	VDJ							NA	0	0			No mutations for this sequence.
GATTCCAAAAGCATCACCTATCTGCAAATGAACAGCCTGAGAGCCGAGGACACGGCCGTGTATTACTGTTGATTAACGTCGTTCCGAGGTCGACTACTACTACTACTACATGGACGTCTGGGGCAAAGGG		62	0.10198375	55	IGHV03-71*01	IGHV03	IGHV03-71	01				IGHD03-16	IGHD03	IGHD03-16				01,02	IGHJ06-01*03	IGHJ06	IGHJ06-01	03				8	0	6	25	17	3	66	-1	69	75	92	1	Out	VDJ							NA	0	0			No mutations for this sequence.
TCCAGATCCACATCCAAAAAACAGTGTTTCCTGTAGCTGAGCTACCTGAGCAACAAGTACACAACCATGAATTTTAATTGATAAAGCCTTAGGAGACGTCGACAAGTGCTTGGAGCACTGGGGCCAGGGC		62	0.10198375	41	IGHV_II-65_1*01	IGHV_II	IGHV_II-65_1	01				IGHD03	IGHD03	unresolved			IGHD03-16,IGHD03-22		IGHJ01-01*01	IGHJ01	IGHJ01-01	01				8	28	27	5	2	13	80	78	106	111	113	1	Out	VDJ							NA	0	0			No mutations for this sequence.
CAAGAATACTCTGTCTTTGCAAATGAACGGCCTGAGACCTGAGGACACGGCTTTCTATTACTGTACGAAAGATCGTCCCAGGGGTTTATTAAAGCCAGCTTCTAGTGTCTTTGACTTTTGGGGCCAGGGA	CTKDRPRGLLKPASSVFDFW	60	0.09869395	60	IGHV03	IGHV03	unresolved			IGHV03-NL1,IGHV03-30_3,IGHV03-30		IGHD03-09*01	IGHD03	IGHD03-09	01				unresolved		unresolved		IGHJ04,IGHJ05	IGHJ04-01,IGHJ05-01		0	37	12	12	2	14	61	72	109	116	118	1	In	VDJ							NA	0	0			No mutations for this sequence.
AGGAGACCCCACGCAGCAGCCCAGCCCCTACCCAGGAGGCCCCAGAGCTCAGGGCGCCTGGGTGGATTCTGAACAGCCCCGAGTCACGGTGGGTATAGTGGGAGCTACTCGGGAGTACTGGGGCCAGGGA		57	0.09375925	30	unresolved		unresolved					IGHD01-26*01	IGHD01	IGHD01-26	01				IGHJ04-01*02	IGHJ04	IGHJ04-01	02				0	0	0	2	3	8	-1	-1	91	109	112	1	Out	DJ							NA	0	0			No mutations for this sequence.
CATCCCGGGTTTCCCCAGGCCAGATGGTAGGTTTGAAGTGCGGTCTGTGTCACTGTGGTATTATGATTACGTTTGGGGAGTTATCGTTCGGAGATCTACTCCATAGAACGTTGACTACTGGGGCCAGGGA		57	0.09375925	64	unresolved		unresolved					IGHD03-16	IGHD03	IGHD03-16				01,02	IGHJ04-01*02	IGHJ04	IGHJ04-01	02				0	0	0	16	29	3	-1	-1	57	78	107	2	Out	DJ							NA	0	0			No mutations for this sequence.
ACCGAGGACACATCTACAGACACAGCCTACATGGAGCTGAGCAGCCTGAGATCTGAGGACACGGCCGTGTATTACTGTTGACCATGGATTAGGAGAGGTCGACAAGTGCTTGGAGCACTGGGGCCAGGGC		56	0.09211435	46	IGHV01-24*01	IGHV01	IGHV01-24	01				unresolved		unresolved		IGHD02,IGHD03,IGHD05	IGHD02-02,IGHD03-16,IGHD03-03,IGHD05-12,IGHD05-18,IGHD05-05		IGHJ01-01*01	IGHJ01	IGHJ01-01	01				8	6	0	26	24	13	75	78	84	89	113	1	Out	VDJ							NA	0	0			No mutations for this sequence.
TCTGGAAATGAACAGCCTGAGAGTTGAGGACACGGCTGTCTATTACTGTGCGAGAACCGCCTTCCGATATTTTGACTACTTATCACCCGTCGACCGGCTAAACTGGTACTTCGATCTCTGGGGCCCTGGC	CARTAFRYFDYLSPVDRLNWYFDLW	56	0.09211435	75	IGHV03	IGHV03	unresolved			IGHV03-64,IGHV03-30_3,IGHV03-30		IGHD03-09*01	IGHD03	IGHD03-09	01				IGHJ02-01*01	IGHJ02	IGHJ02-01	01				2	9	6	12	24	2	46	55	64	77	101	1	In	VDJ							NA	0	0			No mutations for this sequence.
CCTGAAACTGAACTCTGTGAGCGCCGCGGACACGGCTATATACTACTGTGCGCGAATCCCCAGGACCAATGGTGTGTGCACTGTGGGGGGGTGCCACTTCTACTTCCACATGGACGTCTGGGGCAAAGGG	CARIPRTNGVCTVGGCHFYFHMDVW	55	0.09046945	75	IGHV04	IGHV04	unresolved			IGHV04-39,IGHV04-34		IGHD02-08*01	IGHD02	IGHD02-08	01				IGHJ06-01*03	IGHJ06	IGHJ06-01	03				5	15	13	10	30	16	46	52	67	75	105	2	In	VDJ							NA	0	0			No mutations for this sequence.
GGACACGTCCATCAGCACAGCCTACATGGAACTGAGCAGGCTGAGATCTCACGACACGGCCATGTATTCTTGTGCGAGATGGAGTACTAGGAGCTGGCACCTCTACGGTATGGACGTCTGGGGCCAAGGG	CARWSTRSWHLYGMDVW	55	0.09046945	51	IGHV01-02	IGHV01	IGHV01-02				04,03,02	unresolved		unresolved		IGHD01,IGHD02,IGHD03,IGHD06	IGHD01-26,IGHD02-08,IGHD03-03,IGHD06-13		IGHJ06-01*02	IGHJ06	IGHJ06-01	02				2	10	9	5	7	13	70	79	89	95	102	1	In	VDJ							NA	0	0			No mutations for this sequence.
CAACGCCAAGAACGCAGTGTATCTGCAAGTGAACAGCCTGAGAGCCGAGGACACGGCTGTGTATTACTGTGCGAGAGATGGTTACTATGATAGAAGTGGCCATAACTACTTTGACGACTGGGGCCAGGGA	CARDGYYDRSGHNYFDDW	52	0.08553476	54	IGHV03	IGHV03	unresolved			IGHV03-h,IGHV03-48,IGHV03-21,IGHV03-11,IGHV03-07		IGHD03-22*01	IGHD03	IGHD03-22	01				IGHJ04-01*02	IGHJ04	IGHJ04-01	02				0	3	3	16	11	0	67	78	81	93	104	1	In	VDJ							NA	0	0			No mutations for this sequence.
TGGACCAGGGCCTGTGTGGGAAAGGCCTCTGGCCACACTCAGGGGCTTTTTGTGAAGGGCCCTCCTGCTGTGTGACTACGGTGGTAACTCCGCACCAACCTGTCCGTGGGTTGACTACTGGGGCCAGGGA		52	0.08553476	49	unresolved		unresolved					IGHD04-23*01	IGHD04	IGHD04-23	01				IGHJ04-01*02	IGHJ04	IGHJ04-01	02				0	0	0	0	19	6	-1	-1	72	91	110	1	Out	DJ							NA	0	0			No mutations for this sequence.
ATCCCGTTTTTCCCCAGGCCAGATGGTAGGTTTGAAGTGCGGTCTGTGTCACTGTGGTATTATGATTACGTTTGGGGGAGTTATCGTTCGGAGATCTACTCCATAGAACGTTGACTACTGGGGCCAGGGA		51	0.08388986	65	unresolved		unresolved					IGHD03-16*02	IGHD03	IGHD03-16	02				IGHJ04-01*02	IGHJ04	IGHJ04-01	02				0	0	0	5	19	3	-1	-1	56	88	107	2	Out	DJ							NA	0	0			No mutations for this sequence.
CCACGCAGCAGCCCAGCCCCTACCCAGGAGGCCCCAGAGCTCAGGGCGCCTGGGTGGATTCTGAACAGCCCCGAGTCACGGTGGGTATAGTGGGAGCAACTCGGGTGGTTTTGATATCTGGGGCCAAGGG		51	0.08388986	38	unresolved		unresolved					IGHD01-26*01	IGHD01	IGHD01-26	01				IGHJ03-01*02	IGHJ03	IGHJ03-01	02				0	0	0	2	4	3	-1	-1	83	101	105	1	Out	DJ							NA	0	0			No mutations for this sequence.
CGCTAACTCGCTATATCTGCAAATGAACAGCCTGAGAGTCGAGGACACGGCTGTTTATCACTGTGCTAGGGGGTCTTGTAGTGGTTTTGGCTGCTTATTAGACCCCGGTTTGGACGTCTGGGGCCAAGGG	CARGSCSGFGCLLDPGLDVW	46	0.07566536	60	IGHV03	IGHV03	unresolved			IGHV03-h,IGHV03-48		IGHD02-15*01	IGHD02	IGHD02-15	01				IGHJ06-01*02	IGHJ06	IGHJ06-01	02				6	9	6	15	20	16	61	66	75	85	105	1	In	VDJ							NA	0	0			No mutations for this sequence.
GTCTAAGAAGCAGTTCTCCATGAACCTGAATTCTGTGACCGCTGCGGACACGGCCGTGTATTACTGTGCGAGGGATTTCGGGATTTGGAATGGCCCCTACCACTACTACATGGACGTCTGGGGCAAAGGG	CARDFGIWNGPYHYYMDVW	46	0.07566536	57	IGHV04	IGHV04	unresolved			IGHV04-61,IGHV04-59,IGHV04-55,IGHV04-30_2		IGHD03	IGHD03	unresolved			IGHD03-10,IGHD03-03		IGHJ06-01*03	IGHJ06	IGHJ06-01	03				3	4	12	13	14	7	64	72	76	82	96	1	In	VDJ							NA	0	0			No mutations for this sequence.
TCTCCATCTGTAGAGACACATCCAAGGCCCAGTTATCCCTGCAGCTGAGCTCCGTGATGGCCAAGGGCAGGGCCGCACATTCCCTGAGTGCAGTGGCCTCCTAGTCGACTTTGACTACTGGGGCCAGGGA	FPECSGLLVDFDYW	45	0.07402046	42	IGHV_II-01_1*01	IGHV_II	IGHV_II-01_1	01				IGHD06-19*01	IGHD06	IGHD06-19	01				IGHJ04-01*02	IGHJ04	IGHJ04-01	02				6	5	7	6	8	1	79	84	89	97	105	1	In	VDJ							NA	0	0			No mutations for this sequence.
TCGGGGCCCTGCTGCCTCCTCAGGTCAGCCCTGGACATCCCGGGTTTCCCCAGGCCTGGCGGTAGGTTTGAAGTGAGGTCTGTGTCACTGTGGTATTACTCATAACTGGTTCGACCCCTGGGGCCAGGGA		44	0.07237556	29	unresolved		unresolved					IGHD03-22*01	IGHD03	IGHD03-22	01				IGHJ05-01*02	IGHJ05	IGHJ05-01	02				0	0	0	23	1	0	-1	-1	92	100	101	1	Out	DJ							NA	0	0			No mutations for this sequence.
AGACATTCCCATGAACACACTCTATCTAGAAGTGAACAGCCTGAGAGTCGAGGACACGGCCATCTATTACTGTGCGAAAACTGCGGAGATGGCTACCATTAGGCGTGCTTTTGATGTTTGGGGCCAAGGG	CAKTAEMATIRRAFDVW	43	0.07073066	51	IGHV03-23	IGHV03	IGHV03-23				05,04,02,01	IGHD05-24*01	IGHD05	IGHD05-24	01				IGHJ03-01*01	IGHJ03	IGHJ03-01	01				2	6	3	6	9	3	70	79	85	96	105	1	In	VDJ							NA	0	0			No mutations for this sequence.
CATCTCCAGAGACAACGCCAAGAACTCACTGTATCTGCAAATGAACAGCCTGAGAGCCGAGGACACGGCTGTGTATTACTGTGCGAGAGATCGAACAATACCAGCTACTATTGACTACTGGGGCCAGGGA	CARDRTIPATIDYW	43	0.07073066	42	IGHV03	IGHV03	unresolved			IGHV03-h,IGHV03-48,IGHV03-21,IGHV03-07		unresolved		unresolved		IGHD01,IGHD02	IGHD01-26,IGHD02-02		IGHJ04-01*02	IGHJ04	IGHJ04-01	02				0	12	11	1	0	6	79	90	102	-1	110	1	In	VDJ							NA	0	0			No mutations for this sequence.
GCAGCCAAGTCCAAGAGGTGCGCTGAGCCCAGCAAGGGAAGGCCCCCAAACAAACCAGGAGGTTTCTGAAGCTGTCTGTGTCGCAGTCGGGTATAGCAGCGGCTACGTCTTTGACTACTGGGGCCAGGGA		42	0.06908577	33	unresolved		unresolved					IGHD06-25*01	IGHD06	IGHD06-25	01				IGHJ04-01*02	IGHJ04	IGHJ04-01	02				0	0	0	0	2	4	-1	-1	88	106	108	1	Out	DJ							NA	0	0			No mutations for this sequence.
CATGGAGCTGAGCAGCCTGAGATCTGAGGACATGGCTGTGTATTACTGTGCGAGAACGTGAATATAGTGCCTACGCCCGAAGGGGCTCCTATATTGTGGTGGTGATTGCTATAGGCCAAGGGGCCAGGGA	CART*I*CLRPKGLLYCGGDCYRPR	41	0.06744087	75	IGHV01-03*02	IGHV01	IGHV01-03	02				IGHD02-21*01	IGHD02	IGHD02-21	01				unresolved		unresolved		IGHJ04,IGHJ05	IGHJ04-01,IGHJ05-01		2	35	3	3	7	15	46	55	90	112	119	1	Stop	VDJ							NA	0	0			No mutations for this sequence.
CCACCTCCAAAAACCAGGTGGTCCTTACAATGACCAACATGGACCCTGTGGACACAGCCACGTATTACTGTGCACGACTCAAGCACGACAATAATAGCAGTTGGTAGGGGAGGTCTACTGGGGCCAGGGA		41	0.06744087	53	IGHV02-70	IGHV02	IGHV02-70				11,10,05,04,01	IGHD06-19*01	IGHD06	IGHD06-19	01				IGHJ04-01*02	IGHJ04	IGHJ04-01	02				5	17	4	9	11	8	68	76	93	101	112	1	Out	VDJ							NA	0	0			No mutations for this sequence.
CCACGCAGCAGCCCAGCCCCTACCCAGGAGGCCCCAGAGCTCAGGGCGCCTGGGTGGATTCTGAACAGCCCCGAGTCACGGTGACTATAGTGGGACCAATAGAGGCTGGTTCGACCCCTGGGGCCAGGGA		41	0.06744087	38	unresolved		unresolved					IGHD01-26*01	IGHD01	IGHD01-26	01				IGHJ05-01*02	IGHJ05	IGHJ05-01	02				0	0	0	8	10	4	-1	-1	83	95	105	1	Out	DJ							NA	0	0			No mutations for this sequence.
CTCGAAGAACACGCTGTATCTGCAGATGAACAGGCTGACAGCCGAGGACACGGCTGTCTATTACTGTGCGAGTGGGGGTTCGTCTGGAGGTATAGAAGGTACTGGATACCACGACTACTGGGGCCAGGGA	CASGGSSGGIEGTGYHDYW	40	0.06579597	57	IGHV03	IGHV03	unresolved			IGHV03-33,IGHV03-30		unresolved		unresolved		IGHD01,IGHD02,IGHD05,IGHD06	IGHD01-26,IGHD02-08,IGHD05-18,IGHD05-05,IGHD06-13,IGHD06-19,IGHD06-25		IGHJ04-01*02	IGHJ04	IGHJ04-01	02				3	16	0	13	17	8	64	72	88	95	112	2	In	VDJ							NA	0	0			No mutations for this sequence.
GTAGATTCACCATCTCTAGAGACAATGGCAAGAACATGCTGTACTTGCAAATGAACAGTCTGAGAGATGAGGACTCGGCTGTGTTGAATCGACGAGTCTCCTGGTCGACTTTGACTACTGGGGCCAGGGA	CVESTSLLVDFDYW	40	0.06579597	42	IGHV03-37*02	IGHV03	IGHV03-37	02				unresolved		unresolved		IGHD02,IGHD03,IGHD06	IGHD02-08,IGHD03-09,IGHD06-13,IGHD06-19		IGHJ04-01*02	IGHJ04	IGHJ04-01	02				6	16	11	15	0	1	79	84	100	-1	105	1	In	VDJ							NA	0	0			No mutations for this sequence.
CTACCTCCTCAGGTCAGCCCTGGACATCCCGGGTTTCCCCAGGCCTGGCGGTAGGTTTGGGGTGAGGTCTGTGTCACTGTGGTATTACGATTTTTGGAGTGGTTATTACCCCCCGCCCTGGGGCCAGGGA		39	0.06415107	40	unresolved		unresolved					IGHD03-22*01	IGHD03	IGHD03-22	01				IGHJ05-01*02	IGHJ05	IGHJ05-01	02				0	0	0	3	6	14	-1	-1	81	109	115	1	Out	DJ							NA	0	0			No mutations for this sequence.
CTCCAGAGACAACGCGAAGAACTCACTGTATCTGCAAATGAACAGCCTGAGAGCCGAGGACACGGCTGTGTATTACTGTGCGAGGATATTGTCATCCTACTACTACTACATGGACGTCTGGGGCAAAGGG	CARILSSYYYYMDVW	39	0.06415107	45	IGHV03	IGHV03	unresolved			IGHV03-h,IGHV03-48,IGHV03-21,IGHV03-07		IGHD02	IGHD02	unresolved			IGHD02-15,IGHD02-02,IGHD02-08		IGHJ06-01*03	IGHJ06	IGHJ06-01	03				3	0	2	21	2	5	76	-1	84	92	94	1	In	VDJ							NA	0	0			No mutations for this sequence.
GACCCCACGCAGCAGCCCAGCCCCTCCCCAGGAGGCCCCAGACCTCAGGGCGCCTGGGTGGATTCTGAACAGCCCCGAGTCACGGTGGGTATAGTGGGAGCTACTAAAATGGTTCTTTGGGGGCCAGGGA		39	0.06415107	34	unresolved		unresolved					IGHD01-26*01	IGHD01	IGHD01-26	01				unresolved		unresolved		IGHJ04,IGHJ05	IGHJ04-01,IGHJ05-01		0	0	0	1	13	15	-1	-1	87	106	119	1	Out	DJ							NA	0	0			No mutations for this sequence.
AAGAACCAGTTCTCCCTGAAGCTGAGCTCTGTGACCGCTGCGGACACGGCCGTGTATTACTGTGCGAGAGATTTTTGGAGTGGTTATTATAAACGCATACTACTACTACATGGACGTCTGGGGCAAAGGG		38	0.06250617	61	IGHV04	IGHV04	unresolved			IGHV04-61,IGHV04-59,IGHV04-30_2		IGHD03-03	IGHD03	IGHD03-03				01,02	IGHJ06-01*03	IGHJ06	IGHJ06-01	03				0	0	9	2	6	8	60	-1	71	91	97	1	Out	VDJ							NA	0	0			No mutations for this sequence.
CATCCCGGGTTTCCCAGGCCAGATGGTAGGTTTGAAGTGCGGTCTGTGTCACTGTGGTATTATGATTACGTTTGGGGGAGTTATCGTTCGGAGATCTACTCCATAGAACGTTGACTACTGGGGCCAGGGA		38	0.06250617	65	unresolved		unresolved					IGHD03-16*02	IGHD03	IGHD03-16	02				IGHJ04-01*02	IGHJ04	IGHJ04-01	02				0	0	0	5	19	3	-1	-1	56	88	107	2	Out	DJ							NA	0	0			No mutations for this sequence.
CAACGCCAAGAACTCACTGTTTCTGCAGATGAATAGCCTGAGAGCCGAGGACACGGCTGTGTATTATTGTGCGAGAGGGAAGATAGCAGCAGTTGGCGCTTACTGGTACTTCGATCTCTGGGGCCGTGGC	CARGKIAAVGAYWYFDLW	37	0.06086127	54	IGHV03	IGHV03	unresolved			IGHV03-h,IGHV03-48,IGHV03-21,IGHV03-11,IGHV03-07		IGHD06-13*01	IGHD06	IGHD06-13	01				IGHJ02-01*01	IGHJ02	IGHJ02-01	01				1	5	4	7	8	1	67	77	82	92	100	1	In	VDJ							NA	0	0			No mutations for this sequence.
CTCAGGTCAGCCCTGGACATCCCGGGCTTCCCCAGGCCTGGCGGTAGGTTTGAAGTGAGGTCTGTGTCACTGTGGTATTACTATGATAGTAGTGGCCCACGGTGGTGCTTTTGATATCTGGGGCCAAGGG		35	0.05757147	47	unresolved		unresolved					IGHD03-22*01	IGHD03	IGHD03-22	01				IGHJ03-01*02	IGHJ03	IGHJ03-01	02				0	0	0	10	7	0	-1	-1	74	95	102	2	Out	DJ							NA	0	0			No mutations for this sequence.
GAAGGGCCGATTCACCATCTCCAGAGACAACGCCAAGAATTCACTGTATCTGCAAATGAACACCCTGAGAGTCGAGGACACGGCTGTATATTACTGTGCGAGAAGTGGTTTTGACTTTTGGGGCCAGGGA	CARSGFDFW	35	0.05757147	27	IGHV03	IGHV03	unresolved			IGHV03-h,IGHV03-48,IGHV03-21,IGHV03-07		IGHD03-09*01	IGHD03	IGHD03-09	01				unresolved		unresolved		IGHJ04,IGHJ05	IGHJ04-01,IGHJ05-01		2	5	11	12	2	14	94	103	108	116	118	1	In	VDJ							NA	0	0			No mutations for this sequence.
ACTCACTGTATTTGCAAATGAACAGCCTGAGAGCCGAGGACACGGCTGTGTATTACTGTGCGAGAGTTCCCCGATTACGATATTTTGACTGGTTATTATTTTCTGGTACTTCGATCTCTGGGGCCGTGGC		34	0.05592657	65	IGHV03	IGHV03	unresolved			IGHV03-h,IGHV03-48,IGHV03-21,IGHV03-11,IGHV03-07		IGHD03-09*01	IGHD03	IGHD03-09	01				IGHJ02-01*01	IGHJ02	IGHJ02-01	01				1	7	2	3	1	1	56	66	73	99	100	1	Out	VDJ							NA	0	0			No mutations for this sequence.
CAGTAGACACGTCCAAGAACCAGTTCTCCCTGAAGCTGAGCTCTGTGACCGCTGCGGACACGGCCGTGTATTACTGTGCGAGACCACGACTACGGCTCCCCTGGGTGCTTTTGATATCTGGGGCCAAGGG		34	0.05592657	47	IGHV04	IGHV04	unresolved			IGHV04-61,IGHV04-59		IGHD04	IGHD04	unresolved			IGHD04-17,IGHD04-23		IGHJ03-01*02	IGHJ03	IGHJ03-01	02				2	4	1	7	8	1	74	83	87	95	103	1	Out	VDJ							NA	0	0			No mutations for this sequence.
CCAGTCCTGGGGGCCCCTGGCACAGCTGTCTGGCCCCTCCCTGTTCCCTGGGAAGCTCCTCCTGACAGCCCCGCCTCCAGTTCCAGGTGTGGTTATTGTCAGGGGGTGTCAGACTCGAAACCCACAGGGA		34	0.05592657	3	unresolved		unresolved					IGHD05-18*01	IGHD05	IGHD05-18	01				unresolved		unresolved		IGHJ04,IGHJ05	IGHJ04-01,IGHJ05-01		0	0	0	23	9	20	-1	-1	118	115	124	2	Out	DJ							NA	0	0			No mutations for this sequence.
AGTCACGATTACCGCGGACAAATCCACGAGCACAGCCTACATGGAGCTGAACAGCCTGAGATCTGAGGACACGGCCGTATATTATTGTGCGAGAGGTTCGGACTACGGTTCGGGGAATTGGGGCCAGGGA	CARGSDYGSGNW	33	0.05428167	36	IGHV01-69	IGHV01	IGHV01-69				10,09,08,06,04,02	IGHD03-10*01	IGHD03	IGHD03-10	01				IGHJ04-01*02	IGHJ04	IGHJ04-01	02				1	11	10	11	0	12	85	95	106	-1	116	1	In	VDJ							NA	0	0			No mutations for this sequence.
ATCCCGGGTTTCCCCAGGCCAGATGGTAGGTTTGAAGTGCGGTCTGTGTCACTGTGGTATTATGATTACGTTTGGGGGAGTTGACGTTCGGAGATCTACTCCATAGAACGTTGACTACTGGGGCCAGGGA		33	0.05428167	65	unresolved		unresolved					IGHD03-16	IGHD03	IGHD03-16				01,02	IGHJ04-01*02	IGHJ04	IGHJ04-01	02				0	0	0	11	25	3	-1	-1	56	82	107	2	Out	DJ							NA	0	0			No mutations for this sequence.
CACCATCTCCAGAGACAATTCCAAGAACATGTTGTTTCTGCAAATGAACAGTCTGAAAGTTGAGGACACGGCAATGTATTATTGTGCGAAAGATTCCAACCGGCTACTGTTAGTCCCCTGGGGCCAGGGA	CAKDSNRLLLVPW	33	0.05428167	39	IGHV03	IGHV03	unresolved			IGHV03-NL1,IGHV03-30_3,IGHV03-30		IGHD06-25*01	IGHD06	IGHD06-25	01				IGHJ05-01*02	IGHJ05	IGHJ05-01	02				0	7	11	0	5	11	82	93	100	107	112	1	In	VDJ							NA	0	0			No mutations for this sequence.
TCTCCAGAGATGATTCAAAGAACACGGCGTATCTGCAAATGAACAGCCTGAAAACCGAGGGCACGGCCGTGTATTACTGTACTTGGCGGCAGTACTACCAGTTGCTATGCGACAGGGCTGGGGCCAGGGA		33	0.05428167	44	IGHV03-73	IGHV03	IGHV03-73				02,01	IGHD02-02	IGHD02	IGHD02-02				01,03	unresolved		unresolved		IGHJ04,IGHJ05	IGHJ04-01,IGHJ05-01		5	19	22	1	7	13	77	83	102	110	117	1	Out	VDJ							NA	0	0			No mutations for this sequence.
AGCCGACGAGTCCTTCAGTACCGCCTATCTGCAGTGGAGCAACCTGAAGGCCTCGGACACCGCCATGTATTACTGTGCGAGAGTATCCCATAGTACTTCGTCCGGACATCGTGACTCCTGGGGCCAGGGA	CARVSHSTSSGHRDSW	31	0.05099187	48	IGHV05-51	IGHV05	IGHV05-51				05,03,02,01	unresolved		unresolved		IGHD02,IGHD03,IGHD06	IGHD02-02,IGHD03-22,IGHD06-06		IGHJ04-01*02	IGHJ04	IGHJ04-01	02				2	8	12	13	15	7	73	82	90	96	111	1	In	VDJ							NA	0	0			No mutations for this sequence.
CACGCTGTATCTGCAAATAAACAGCCTGAGAGCTGACGACACGGCTGTGTATTACTGTGCGAAAGATGTATTAAGGTACTATGATAGTAGTGGTTATTGGTGGTACGGTATGGACGTCTGGGGCCAAGGG	CAKDVLRYYDSSGYWWYGMDVW	31	0.05099187	66	IGHV03	IGHV03	unresolved			IGHV03-NL1,IGHV03-30_3,IGHV03-30		IGHD03-22*01	IGHD03	IGHD03-22	01				IGHJ06-01*02	IGHJ06	IGHJ06-01	02				0	10	4	5	5	14	55	66	76	98	103	1	In	VDJ							NA	0	0			No mutations for this sequence.
CGCGGACACATCCACGAACACAGCCTACATGGAGCTGAACAGCCTGAGACCTGACGACACGGCCTTTTATTACTGTGCGGGTCCCCTCAGGAAGCAGCAGGCGGGGGGCTTTGACCAGTGGGGCCAGGGA	CAGPLRKQQAGGFDQW	31	0.05099187	48	IGHV01-69	IGHV01	IGHV01-69				10,09,08,06,04,02	IGHD06-13*01	IGHD06	IGHD06-13	01				IGHJ04-01*02	IGHJ04	IGHJ04-01	02				5	13	6	7	16	12	73	79	92	100	116	1	In	VDJ							NA	0	0			No mutations for this sequence.
CGTTTGGTGCCTAAGCCAGGGGCAGACCCGAGTGTCCCCGGCCTGGCGGAAGGTTTGGGGTGAGGTCTGTGTCAGTGTGGCATAACGATTTCTGGAGTTATTATTATATGGGGACTCCTGGGGCCAGGGA		31	0.05099187	42	unresolved		unresolved					IGHD03-03*01	IGHD03	IGHD03-03	01				unresolved		unresolved		IGHJ04,IGHJ05	IGHJ04-01,IGHJ05-01		0	0	0	2	4	8	-1	-1	79	108	112	1	Out	DJ							NA	0	0			No mutations for this sequence.
CTCACTGTATCTGCAAATGAACAGCCTGAGAGCCGAGGACACGGCTGTTTATTACTGTGCGCGAGCTTCTGCGTATTACTATGGTTCAGGGGGTTATTATAGGTCCGTTTGGGACTACTGGGGCCAGGGA	CARASAYYYGSGGYYRSVWDYW	30	0.04934698	66	IGHV03	IGHV03	unresolved			IGHV03-h,IGHV03-48		IGHD03	IGHD03	unresolved			IGHD03-03,IGHD03-09		IGHJ04-01*02	IGHJ04	IGHJ04-01	02				1	4	19	2	11	8	55	87	91	101	112	1	In	VDDJ							NA	0	0			No mutations for this sequence.
GCCTCCTCAGGTCAGCCCCGGACATCCCGGGTTTCCCCAGGCTGGGCGGTAGATTTGGGGTGAGGTCTGTGTCACTGTGGTATTACTATGGTTCGGGGAGCATATATGGGCCGCCTACTGGGGCCAGGGA		30	0.04934698	42	unresolved		unresolved					IGHD03-10*01	IGHD03	IGHD03-10	01				IGHJ04-01*02	IGHJ04	IGHJ04-01	02				0	0	0	10	12	8	-1	-1	79	100	112	1	Out	DJ							NA	0	0			No mutations for this sequence.
TTTCCCCAGGCCAGATGGTAGGTTTGAAGTGCGGTCTGTGTCACTGTGGTATTATGATTACGTTTGGGGGAGTTATCGTTCGGAGATCTACTCCATAGAACGTTGACTACTGGGGCCATGGGGCCAGGGA		30	0.04934698	73	unresolved		unresolved					IGHD03-16*02	IGHD03	IGHD03-16	02				IGHJ05-01*02	IGHJ05	IGHJ05-01	02				0	0	0	5	35	14	-1	-1	48	80	115	2	Out	DJ							NA	0	0			No mutations for this sequence.
ATCCTATATGGAATTGAACAGCCTGAGAACTGACGACACGGCCGTCTATTATTGTGCGAGAGAAGGGGGGGGCATTAGTCTAGATGTGGGAGATAATGTCTTCGCCCACATGGACGTCTGGGGCAAAGGG	CAREGGGISLDVGDNVFAHMDVW	29	0.04770208	69	unresolved		unresolved		IGHV01,IGHV03	IGHV01-or15_02,IGHV03-71,IGHV03-53,IGHV01-69,IGHV01-18,IGHV01-02		IGHD01-26*01	IGHD01	IGHD01-26	01				IGHJ06-01*03	IGHJ06	IGHJ06-01	03				0	22	6	7	13	16	52	63	85	92	105	1	In	VDJ							NA	0	0			No mutations for this sequence.
ATTCACCATCTCCAGAGACAACGCCAAGAACTCCCTGTATCTGCAAATGAACAGTCTGAGAGCTGAGGACATGGCCTTGTATTACTGTGCAAAAGAGACCAACTGGGGATCCGACTACTGGGGCCAGGGA	CAKETNWGSDYW	29	0.04770208	36	IGHV03-09	IGHV03	IGHV03-09				02,01	IGHD07-27*01	IGHD07	IGHD07-27	01				IGHJ04-01*02	IGHJ04	IGHJ04-01	02				2	4	2	0	3	8	85	96	100	109	112	1	In	VDJ							NA	0	0			No mutations for this sequence.
AAGTTGTGCTGAGCCGAGCAAGGGAAGGTCCCCAAACAAACCAGGAAGTTTCTGAAGGTGTCTGTGTCACAGTGGAGTATAGCAGCTCGTCCTTCGGGGTCGGTACTACTTTGACTACTGGGGCCAGGGA		28	0.04605718	47	unresolved		unresolved					IGHD06-13*01	IGHD06	IGHD06-13	01				IGHJ04-01*02	IGHJ04	IGHJ04-01	02				0	0	0	9	18	0	-1	-1	74	86	104	1	Out	DJ							NA	0	0			No mutations for this sequence.
AGACAATTCCAAGAACACACTCTTTCTGCAAATGAACAGCCTGAGACCTGAGGACACGGCTGTCTATTACTGTGCGAAACCACTGGGCTTTGGAGTGGTTTCTTACTACTTTGACTACTGGGGCCAGGGA	CAKPLGFGVVSYYFDYW	28	0.04605718	51	IGHV03	IGHV03	unresolved			IGHV03-NL1,IGHV03-30_3,IGHV03-30		IGHD03-03	IGHD03	IGHD03-03				01,02	IGHJ04-01*02	IGHJ04	IGHJ04-01	02				2	9	11	8	4	0	70	79	88	100	104	1	In	VDJ							NA	0	0			No mutations for this sequence.
ATCGCGGTTTTCCCCAGGCCAGATGGTAGGTTTGAAGTGCGGTCTGTGTCACTGTGGTATTATGATTACGTTTGGGGGAGTTATCGTTCGGAGATCTACTCCATAGAACGTTGACTACTGGGGCCAGGGA		28	0.04605718	65	unresolved		unresolved					IGHD03-16*02	IGHD03	IGHD03-16	02				IGHJ04-01*02	IGHJ04	IGHJ04-01	02				0	0	0	5	19	3	-1	-1	56	88	107	2	Out	DJ							NA	0	0			No mutations for this sequence.
CACCATCTCCAGAGACAACTCCAAGAACACGCTGCATCTGCAAGTGAACAGCCTGAGACCTGAGGACACGGCTGTCTACTACTGTGCGAAAGAGGGCGCGGGTCGCTTCTTTGAATACTGGGGCCAGGGA	CAKEGAGRFFEYW	28	0.04605718	39	IGHV03	IGHV03	unresolved			IGHV03-NL1,IGHV03-33,IGHV03-30_3,IGHV03-30		unresolved		unresolved		IGHD03,IGHD06	IGHD03-10,IGHD03-16,IGHD06-13,IGHD06-19,IGHD06-25		IGHJ04-01*02	IGHJ04	IGHJ04-01	02				0	5	14	13	6	4	82	93	98	102	108	1	In	VDJ							NA	0	0			No mutations for this sequence.
CATCTCCAGAGACAACGCCAAGAACTCACTGTATCTGCAAATGAACAGCCTGAGAGCCGAGGACACGGCTGTGTATTACTGTGCGAGAGAGATGACTACGGTGACAAACGTTGACTACTGGGGCCAGGGA	CAREMTTVTNVDYW	28	0.04605718	42	IGHV03	IGHV03	unresolved			IGHV03-h,IGHV03-48,IGHV03-21,IGHV03-07		IGHD04-17*01	IGHD04	IGHD04-17	01				IGHJ04-01*02	IGHJ04	IGHJ04-01	02				0	2	0	3	2	3	79	90	92	105	107	1	In	VDJ							NA	0	0			No mutations for this sequence.
CAGAGACAGCAAGAGGGGACTCAGTGACTCCCGCGGGGACAGGAGGATTTTGTGGGGGCTCGTGTCACTGTGAGGATATTGTAGTAGCACCAGCTACTATGAGAACTGGTTCGACCCCTGGGGCCAGGGA		27	0.04441228	49	unresolved		unresolved					IGHD02-02*01	IGHD02	IGHD02-02	01				IGHJ05-01*02	IGHJ05	IGHJ05-01	02				0	0	0	2	0	0	-1	-1	72	-1	101	1	Out	DJ							NA	0	0			No mutations for this sequence.
GAACTCACTGTATCTGCAAATGAACAGCCTGAGAGCCGAGGACACGGCTGTGTATTACTGTGCGAGAGATTGGGCTACGGTGACCCCAGTTGGGTGGACATACTGGTACTTCGATCTCTGGGGCCGTGGC	CARDWATVTPVGWTYWYFDLW	27	0.04441228	63	IGHV03	IGHV03	unresolved			IGHV03-h,IGHV03-48,IGHV03-21,IGHV03-11,IGHV03-07		IGHD04-17*01	IGHD04	IGHD04-17	01				IGHJ02-01*01	IGHJ02	IGHJ02-01	01				0	5	3	3	16	1	58	69	74	84	100	1	In	VDJ							NA	0	0			No mutations for this sequence.
GACAACAGACACATCCAGGAGCACAGCCTACATGGAACTGAAGAGTCTCATATTTGACGACACGGCCATTTATTACTGTGCGAGATTGGCCGCTTTCGACCCTGACGCTTTTGATTTTTGGGGCCAAGGG	CARLAAFDPDAFDFW	27	0.04441228	45	IGHV01-18	IGHV01	IGHV01-18				02,01	IGHD03-09*01	IGHD03	IGHD03-09	01				unresolved		unresolved		IGHJ03,IGHJ06	IGHJ03-01,IGHJ06-01		2	23	11	14	2	14	76	85	108	114	116	1	In	VDJ							NA	0	0			No mutations for this sequence.
GACAGTCTACATGGAACTTAACAAGTTGAGATCTGAGGACACGGCCACTTATTATTGTGCGAGAGATTATATAGGGCGGTATTGTGGTGGTGTTTGTTTTAGATACTACTTCGACCCCTGGGGCCAGGGA	CARDYIGRYCGGVCFRYYFDPW	27	0.04441228	66	IGHV01-or15_01*04	IGHV01	IGHV01-or15_01	04				IGHD02-21	IGHD02	IGHD02-21				01,02	IGHJ05-01*02	IGHJ05	IGHJ05-01	02				0	13	4	11	17	8	55	66	79	92	109	1	In	VDJ							NA	0	0			No mutations for this sequence.
CAGAGACAACGCCAAGAACTCACTATATCTACAAATGAACAACCTGAGAGCCGAGGACACGGCTGTTTATTACTGTGCGAGAGATCCGGTGGAGATTGGTGTTCGAGCCTTTGACTACTGGGGCCAGGGA	CARDPVEIGVRAFDYW	25	0.04112248	48	IGHV03	IGHV03	unresolved			IGHV03-h,IGHV03-48		unresolved		unresolved		IGHD02,IGHD03,IGHD04	IGHD02-08,IGHD03-10,IGHD04-23		IGHJ04-01*02	IGHJ04	IGHJ04-01	02				0	12	15	10	6	4	73	84	96	102	108	2	In	VDJ							NA	0	0			No mutations for this sequence.
CAGAGACAATTCCAAGAACATGCTGTATCTGCAAATGAACAGCCTGACAAGCGAGGACACGGCCGTTTATTACTGTGCGAAAAATCTCTATGGTAGTAAAAGAAACTACTTTGACTACTGGGGCCAGGGA	CAKNLYGSKRNYFDYW	25	0.04112248	48	IGHV03-23	IGHV03	IGHV03-23				05,04,01	unresolved		unresolved		IGHD03,IGHD05	IGHD03-10,IGHD05-18,IGHD05-05		IGHJ04-01*02	IGHJ04	IGHJ04-01	02				2	5	6	18	10	0	73	82	87	94	104	1	In	VDJ							NA	0	0			No mutations for this sequence.
GAGCCAGTTGTCCCTGGGGCTGAGAAGTGTAACCGCCGCCGACACGGCTGTCTATTATTGTGCGAGGGGGCCTCGTTACACCACCCCGAGTTACTACTACTACTACGCTATGGACGTCTGGGGCCAAGGG	CARGPRYTTPSYYYYYAMDVW	25	0.04112248	63	IGHV04	IGHV04	unresolved			IGHV04-59,IGHV04-39,IGHV04-34		IGHD03-16*02	IGHD03	IGHD03-16	02				IGHJ06-01*02	IGHJ06	IGHJ06-01	02				3	6	27	4	12	1	58	66	72	78	90	1	In	VDJ							NA	0	0			No mutations for this sequence.
TCAGTAGACACGTCCAAGAACCAGTTCTCCCTGAAGCTGAGCTCTGTGACCGCCGTGGACACGGCCGTGTATTACTGTTGAGCGTACTCTAGGAGACGTCGACAAGTGCTTGGAGCACTGGGGCCAGGGC		25	0.04112248	46	IGHV04-28	IGHV04	IGHV04-28				05,01,03,02	unresolved		unresolved		IGHD02,IGHD03	IGHD02-15,IGHD02-08,IGHD03-16		IGHJ01-01*01	IGHJ01	IGHJ01-01	01				8	6	25	1	24	13	75	78	84	89	113	1	Out	VDJ							NA	0	0			No mutations for this sequence.
GGTCAGCCCTGGACATCCCAGGTTTCCCCAGGCCTGCCGGTAGGTTTAGAATGAGGTCTGTGTCACTGTGGTATTACGATATTTTGACTGGTTATTACCACCCAACTGGTTCGACCCCTGGGGCCAGGGA		23	0.03783268	51	unresolved		unresolved					IGHD03-09*01	IGHD03	IGHD03-09	01				IGHJ05-01*02	IGHJ05	IGHJ05-01	02				0	0	0	4	5	1	-1	-1	70	97	102	1	Out	DJ							NA	0	0			No mutations for this sequence.
GTTGAGCCCAGCAAGGGAAGGCCCCCAAACAGACCAGGAGGTTTCTGAAGGTGTCTGTGTCACAGTGGGGTATAGCAGCAGCTGGTACCTTACCCCTACTTACTGGTACTTCGATCTCTGGGGCCGTGGC		23	0.03783268	54	unresolved		unresolved					IGHD06-13*01	IGHD06	IGHD06-13	01				IGHJ02-01*01	IGHJ02	IGHJ02-01	01				0	0	0	0	12	1	-1	-1	67	88	100	1	Out	DJ							NA	0	0			No mutations for this sequence.
AGGTCAGCCCTGGACATCCCGGGTTTCCCCAGGCCTGGCGGTAGGTTTGGGGTGAGGTCTGTGTCACTGTGGTATTACGATTTTTGGAGTGGTTACCCCCACAGAGTGCTTGGAGCACTGGGGCCAGGGC		22	0.03618778	50	unresolved		unresolved					IGHD03-22*01	IGHD03	IGHD03-22	01				IGHJ01-01*01	IGHJ01	IGHJ01-01	01				0	0	0	7	18	13	-1	-1	71	95	113	1	Out	DJ							NA	0	0			No mutations for this sequence.
CCTCCACAGGAGACCCCACGCAGCAGCCCAGCCCCTACCCAGGAGGCCCCAGAGCTCAGGGCGCCTGGGTGGATTCTGAACAGCCCCGAGTCACGGTGGGTATAGTGGGAGCTACCCTCGGAGCCAGGGA		22	0.03618778	23	unresolved		unresolved					IGHD01-26*01	IGHD01	IGHD01-26	01				unresolved		unresolved		IGHJ04,IGHJ05	IGHJ04-01,IGHJ05-01		0	0	0	3	4	15	-1	-1	98	115	119	1	Out	DJ							NA	0	0			No mutations for this sequence.
CTCCAGAGACAATTCCAAGAACACGGTGTATCTGGAAATGAACAGCCCGAGAGCTGAGGACACGGCTATATATTACTGTGCGAAAGTCATGTATAGCACCAGCTGGATCCTCGACTATTGGGGCCAGGGA	CAKVMYSTSWILDYW	22	0.03618778	45	IGHV03	IGHV03	unresolved			IGHV03-NL1,IGHV03-30_3,IGHV03-30		unresolved		unresolved		IGHD02,IGHD06	IGHD02-02,IGHD06-13,IGHD06-19,IGHD06-25,IGHD06-06		IGHJ04-01*02	IGHJ04	IGHJ04-01	02				1	11	16	7	7	8	76	86	97	105	112	1	In	VDJ							NA	0	0			No mutations for this sequence.
ATCCCGGGTTTCCCCAGGCCAGATGGTAGGTTTGAAGTGCGGTCTGTGTCACTGTGGTATTATGATTACGTTTGGGGGAGTTTACGTTCGGAGATCTACTCCATAGAACGTTGACTACTGGGGCCAGGGA		21	0.03454288	65	unresolved		unresolved					IGHD03-16	IGHD03	IGHD03-16				01,02	IGHJ04-01*02	IGHJ04	IGHJ04-01	02				0	0	0	11	25	3	-1	-1	56	82	107	2	Out	DJ							NA	0	0			No mutations for this sequence.
CAATTCCAAGAACACACTGTATCTGCAAATGAACAGCCTGAGAGCCGAGGACACGGCCCTATATTACTGTGCGCGCCGCGCTGATGATATGATGAACCGTCCGGACGCTATGGACGTCTGGGGCCAAGGG	CARRADDMMNRPDAMDVW	21	0.03454288	54	IGHV03-23	IGHV03	IGHV03-23				05,04,02,01	IGHD03	IGHD03	unresolved			IGHD03-16,IGHD03-22		IGHJ06-01*02	IGHJ06	IGHJ06-01	02				5	14	4	27	11	15	67	73	87	93	104	1	In	VDJ							NA	0	0			No mutations for this sequence.
CAGGAGAACTAGCCAGAGACAGCAAGAGGGGACTCAGTGACTCCCGCGGGGACAGGAGGATTTTGTGGGGGCTCGTGTCACTGTGAGGATATTGTAGTAGTACCAGCTGCTATCCGACTGGGGCCAGGGA		21	0.03454288	36	unresolved		unresolved					IGHD02-02	IGHD02	IGHD02-02				01,02	IGHJ04-01*02	IGHJ04	IGHJ04-01	02				0	0	0	3	1	10	-1	-1	85	113	114	1	Out	DJ							NA	0	0			No mutations for this sequence.
GAACACGCTGTATCTGCAAATGAACAGCCTGAGAGCCGAGGACACGGCCGTATATTACTGTGCGAAAGATCCCCGCTATGGTTCAGGGAGTTATTATAATCCGTACTACTTTGACTACTGGGGCCAGGGA	CAKDPRYGSGSYYNPYYFDYW	21	0.03454288	63	IGHV03-23	IGHV03	IGHV03-23				05,04,03,02,01	IGHD03-10	IGHD03	IGHD03-10				01,02	IGHJ04-01*02	IGHJ04	IGHJ04-01	02				0	1	16	1	5	0	58	84	85	99	104	1	In	VDDJ							NA	0	0			No mutations for this sequence.
GCCCACATGTTCCCACATGCACTATATCTTCAGACAAGCAGATGTGTCTGCACATGAATTCTTCTTTCATGATCATCTGAGTTCCGAAGTCGACTACTACTACTACTACATGGACGTCTGGGGCAAAGGG	FHDHLSSEVDYYYYYMDVW	21	0.03454288	57	IGHV_II-40_1*01	IGHV_II	IGHV_II-40_1	01				IGHD03	IGHD03	unresolved			IGHD03-10,IGHD03-16		IGHJ06-01*03	IGHJ06	IGHJ06-01	03				6	9	18	8	9	3	64	69	78	83	92	1	In	VDJ							NA	0	0			No mutations for this sequence.
CCCCACTCCAGACACCAGACAGAGGGCAGAAGATGCAGATGAGGAGGGGGAGAGGACCCCACTGGAATGGCAGCAGCTCAAAGTAAAGGATGAGGTCAGGTTTGCACCAGGTTAGGATCAATGAACAGTG		20	0.03289798	68	IGHV03-06*01	IGHV03	IGHV03-06	01				IGHD06-13*01	IGHD06	IGHD06-13	01				IGHJ03P-01*02	IGHJ03P	IGHJ03P-01	02				22	31	7	5	46	24	51	38	69	78	124	1	Out	VDJ							NA	0	0			No mutations for this sequence.
CCTCAGGTCAGCCCCGGACATCCCGGGTTTCCCCAGGCTGGGCGGTAGGTTTGGGGTGAGGTCTGTGTCACTGTGGTATTACTATGGTTCAGGGAGTCTCGCTGAATACTTCCAGCACTGGGGCCAGGGC		20	0.03289798	46	unresolved		unresolved					IGHD03-10*01	IGHD03	IGHD03-10	01				IGHJ01-01*01	IGHJ01	IGHJ01-01	01				0	0	0	9	3	0	-1	-1	75	97	100	1	Out	DJ							NA	0	0			No mutations for this sequence.
GAATACCCTGTATCTGCAAATGAACAGCCTGAGAGTCGAGGACACGGGTGTGTATTACTGTGCGAGAGATCTTGCAGGCCTCGCCCTTCGATTCTATCAGTACTACGGTATGGACGTCTGGGGCCAAGGG	CARDLAGLALRFYQYYGMDVW	20	0.03289798	63	IGHV03	IGHV03	unresolved			IGHV03-33,IGHV03-30		unresolved		unresolved		IGHD03,IGHD05	IGHD03-03,IGHD05-12		IGHJ06-01*02	IGHJ06	IGHJ06-01	02				0	19	6	20	5	9	58	69	88	93	98	1	In	VDJ							NA	0	0			No mutations for this sequence.
ATCCCGGGTTTCCCCAGGCCAGATGGTAGGTTTGAAGTGCGGTCTGTGTCACTGTAATATTATGATTACATTTGGGGGAGTTATCGTTCGGAGATCTACTCCATAGAACGTTGACTACTGGGGCCAGGGA		19	0.03125308	65	unresolved		unresolved					IGHD03-16*02	IGHD03	IGHD03-16	02				IGHJ04-01*02	IGHJ04	IGHJ04-01	02				0	0	0	5	19	3	-1	-1	56	88	107	2	Out	DJ							NA	0	0			No mutations for this sequence.
TCTGCAAATGAACAGCCTGAGAGCTGAGGACACGGCTCTGTATTACTGTGCGAAAACAAGTCTTACCGGAGGCGGAGGGGTAGTCCGATTTTTGCAGTCGTTATCTCCCCCCCACTACTGGGGCCAGGGA	CAKTSLTGGGGVVRFLQSLSPPHYW	19	0.03125308	75	IGHV03	IGHV03	unresolved			IGHV03-NL1,IGHV03-30_3,IGHV03-30		IGHD03-03*01	IGHD03	IGHD03-03	01				IGHJ04-01*02	IGHJ04	IGHJ04-01	02				2	30	6	16	19	9	46	55	85	94	113	1	In	VDJ							NA	0	0			No mutations for this sequence.
CCACGCAGCAGCCCAGCCCCTACCCAGGGGGCCCCAGAGCTCAGGGCGCCTGGGTGGATTCTGAACAGCCCCGAGTCACGGTGGGTATAGTGGGAGCTACTCGGGTGGTTTTGATATCTGGGGCCAAGGG		18	0.02960819	38	unresolved		unresolved					IGHD01-26*01	IGHD01	IGHD01-26	01				IGHJ03-01*02	IGHJ03	IGHJ03-01	02				0	0	0	2	4	3	-1	-1	83	101	105	1	Out	DJ							NA	0	0			No mutations for this sequence.
CCTCAGGTCAGCCCTGGACATCCCGGGTTTACCCAGGCCTGGCGGTAGGTTTGGGGTGAGGTCTGTGTCAGTGTAATTTTCCGATTTTTGAAGTGCTTATCTCCCCCCCTTTGACTACTGGGACCAGGGA		18	0.02960819	46	unresolved		unresolved					IGHD03-22*01	IGHD03	IGHD03-22	01				IGHJ04-01*02	IGHJ04	IGHJ04-01	02				0	0	0	32	34	4	-1	-1	75	74	108	1	Out	DJ							NA	0	0			No mutations for this sequence.
TTCCCAGAATATGTTGTATCTGCAAATGAACACCCTGAGACCTGAAGACACGGCTGTGTATTACTGTGCGAGAGATGGGAGTCGACCGGTGGCAACTACTGTCTACGGTATGGACGTCTGGGGCCAAGGG	CARDGSRPVATTVYGMDVW	18	0.02960819	57	IGHV03	IGHV03	unresolved			IGHV03-64,IGHV03-30_3,IGHV03-30		unresolved		unresolved		IGHD01,IGHD03,IGHD04	IGHD01-26,IGHD01-07,IGHD03-10,IGHD03-16,IGHD04-11,IGHD04-04,IGHD04-23		IGHJ06-01*02	IGHJ06	IGHJ06-01	02				0	0	7	7	21	13	64	-1	75	81	102	1	In	VDJ							NA	0	0			No mutations for this sequence.
ATCTCCAGGGACAACGCCAAGAACTCACTGTATCTGCAAATGAACAGCCTGAGAGCCGAGGACACGGCCGTGTATTACTGTTGACGGCATATAGAGTGTCGTCGACTGGTTCGACCCCTGGGGCCAGGGA		17	0.02796329	43	IGHV03-11*01	IGHV03	IGHV03-11	01				unresolved		unresolved		IGHD02,IGHD05	IGHD02-21,IGHD05-12		IGHJ05-01*02	IGHJ05	IGHJ05-01	02				8	5	1	21	10	1	78	81	86	92	102	1	Out	VDJ							NA	0	0			No mutations for this sequence.
CAAGTCCGTCAGCACCGCCTACCTGCAGTGGAGCAGCCTGAAGGCCTCGGACAGCGCCATGTATTACTGTGCGAGAAGAATTTTCGGTCGAGATGGCTACAATTACGCTTTTGATATCTGGGGCCAAGGG	CARRIFGRDGYNYAFDIW	17	0.02796329	54	IGHV05-51	IGHV05	IGHV05-51				05,03,02,01	IGHD05-24*01	IGHD05	IGHD05-24	01				IGHJ03-01*02	IGHJ03	IGHJ03-01	02				2	13	3	2	0	2	67	76	89	-1	104	1	In	VDJ							NA	0	0			No mutations for this sequence.
CCGATTCACCATCTCCAGAGACAACGCCAAGAACTCACTGTATCTGCAAATGAACAGCCTGAGAGCCGAGGACACGGCTGTGTATTACTGTGCGAGGGGGGCTACAGCTCCTGACTACTGGGGCCAGGGA	CARGATAPDYW	17	0.02796329	33	IGHV03	IGHV03	unresolved			IGHV03-h,IGHV03-48,IGHV03-21,IGHV03-07		IGHD05	IGHD05	unresolved			IGHD05-18,IGHD05-05,IGHD05-24		IGHJ04-01*02	IGHJ04	IGHJ04-01	02				3	6	5	8	2	7	88	96	102	109	111	1	In	VDJ							NA	0	0			No mutations for this sequence.
AGGTCCAAGAACCAGTTCTCCCTGAAGCTGAGCTCTGTGACCGCCGCGGACACGGCCGTGTATTACTGTTGATGGCGTATGTTCCGAGGTCGACTACTACTACTACTACATGGACGTCTGGGGCAAAGGG		16	0.02631839	55	IGHV04-30_2*01	IGHV04	IGHV04-30_2	01				IGHD03-10*02	IGHD03	IGHD03-10	02				IGHJ06-01*03	IGHJ06	IGHJ06-01	03				8	8	7	16	8	3	66	69	77	84	92	1	Out	VDJ							NA	0	0			No mutations for this sequence.
CAGGGTCACCATGACCAGGGACACATCCATTAACACAGCCTACATGGAGTTGACTGGGCTGACATCTGACGACTCGGCCGTCTATTTTTGTGCAAGCGGGGGAGTGTCTTTTCCTTACTGGGGCCAGGGA	CASGGVSFPYW	16	0.02631839	33	IGHV01-02	IGHV01	IGHV01-02				03,02	IGHD03-16	IGHD03	IGHD03-16				01,02	IGHJ04-01*02	IGHJ04	IGHJ04-01	02				6	4	17	12	10	11	88	93	97	105	115	1	In	VDJ							NA	0	0			No mutations for this sequence.
GTTTCCCCAGGCCTGCCGGTACGTTTAGAGTGAGGTCTGTGTCACTGTAGTATGACGATATTTTGACTTCGGCCCCCGGTTATTTACATGGACGTCTGGGGCAAAGTGCATGGACGTCTGGGGCAAAGGG		16	0.02631839	72	unresolved		unresolved					IGHD03-09*01	IGHD03	IGHD03-09	01				IGHJ06-01*03	IGHJ06	IGHJ06-01	03				0	0	0	12	38	17	-1	-1	49	68	106	1	Out	DJ							NA	0	0			No mutations for this sequence.
ATCCCTGGTTTCCCCAGGCCAGATGGTAGGTTTGAAGTGCGGTCTGTGTCACTGTGGTATTATGATTACGTTTGGGGGAGTTATCGTTCGGAGATCTGCTCCATAGAACGTTGACTACTGGGGCCAGGGA		15	0.02467349	65	unresolved		unresolved					IGHD03-16*02	IGHD03	IGHD03-16	02				IGHJ04-01*02	IGHJ04	IGHJ04-01	02				0	0	0	5	19	3	-1	-1	56	88	107	2	Out	DJ							NA	0	0			No mutations for this sequence.
GACCAGGGACACGTCCTTCAGTGTAGTCGACATGGAGCTGAGCAGCCTGAAATCTGACGACACGGCCGTGTATTACTGTGCGAGAGACACTACCTTAGGTTCGGGGACTTTGGACTCCTGGGGCCAGGGA	CARDTTLGSGTLDSW	15	0.02467349	45	IGHV01-02	IGHV01	IGHV01-02				04,03,02	IGHD03-10*01	IGHD03	IGHD03-10	01				unresolved		unresolved		IGHJ04,IGHJ05	IGHJ04-01,IGHJ05-01		0	10	10	11	5	8	76	87	97	107	112	1	In	VDJ							NA	0	0			No mutations for this sequence.
AGACAATTCCAAGAACACGCTGTATCTGCAGATGGACAGCCTGAAAGTTGAGGACACGGCTGTCTATTACTGCGCGAGAGACAGAGGAGGCCCACGGTCGGCTTATTCATTTGACTATTGGGGCCAGGGA	CARDRGGPRSAYSFDYW	14	0.02302859	51	IGHV03	IGHV03	unresolved			IGHV03-64,IGHV03-30_3,IGHV03-30		IGHD03-16*01	IGHD03	IGHD03-16	01				IGHJ04-01*02	IGHJ04	IGHJ04-01	02				0	19	28	3	3	5	70	81	100	106	109	1	In	VDJ							NA	0	0			No mutations for this sequence.
ATCCCGAATTTCCCCAGGCCAGATGGTAGGTTTGAAGTGCGGTCTGTGTCACTGTGGTATTATGATTACGTTTGGGGGAGTTATCGTTCGGAGATCTACTCCATAGAACGTTGACTACTGGGGCCAGGGA		14	0.02302859	65	unresolved		unresolved					IGHD03-16*02	IGHD03	IGHD03-16	02				IGHJ04-01*02	IGHJ04	IGHJ04-01	02				0	0	0	5	19	3	-1	-1	56	88	107	2	Out	DJ							NA	0	0			No mutations for this sequence.
ATCCCGGGTTTCCCCAGGCCAGATGGTAGGTTTGAAGTGCGGTCTGTGTCACTGTGGTATTATGATTAAGTTTGGGGGAGTTATCGTTCGGAGATCTACTCCATAGAATGTTGACTACTGGGGCCAGGGA		14	0.02302859	65	unresolved		unresolved					IGHD03-16*02	IGHD03	IGHD03-16	02				IGHJ04-01*02	IGHJ04	IGHJ04-01	02				0	0	0	5	22	6	-1	-1	56	88	110	1	Out	DJ							NA	0	0			No mutations for this sequence.
ATCCCGTGTTTCCCCAGGCCAGATGGTAGGTTTGAAGTGCGGTCTGTGTCACTGTGGTATTATGATTACGTTTGGGGGAGTTATCGTTAGGAGATCTAATCCATAGAACGTTGACTACTGGGGCCAGGGA		14	0.02302859	65	unresolved		unresolved					IGHD03-16*02	IGHD03	IGHD03-16	02				IGHJ04-01*02	IGHJ04	IGHJ04-01	02				0	0	0	4	18	3	-1	-1	56	89	107	2	Out	DJ							NA	0	0			No mutations for this sequence.
AGACAACGCCAAGAACTCACTGTATCTGCAAATGAACAGCCTGAGAGCCGAGGACACGGCTGTGTATTACTGTGCGAGTTGTTAAGGGGCTACAATTAAAATTATCAACTTTGACTACTGGGGCCAGGGA	CASC*GATIKIINFDYW	13	0.02138369	51	IGHV03	IGHV03	unresolved			IGHV03-h,IGHV03-48,IGHV03-21,IGHV03-07		IGHD05-24*01	IGHD05	IGHD05-24	01				IGHJ04-01*02	IGHJ04	IGHJ04-01	02				3	9	8	1	7	1	70	78	87	98	105	1	Stop	VDJ							NA	0	0			No mutations for this sequence.
CCAGTCCGGGGGGCCCCTGGCACAGCTGTCTGGCCCCTCCCTGTCCCCTGGAAAGCTCCTCCTGACAGCCCCGCCTCCAGTTCCAGGTGTGGTTATTGTCAGGGGGTGTCAGACTCGAAACCCACAGGGA		13	0.02138369	3	unresolved		unresolved					IGHD05-18*01	IGHD05	IGHD05-18	01				unresolved		unresolved		IGHJ04,IGHJ05	IGHJ04-01,IGHJ05-01		0	0	0	23	9	20	-1	-1	118	115	124	2	Out	DJ							NA	0	0			No mutations for this sequence.
TCCCGGGTTTCCCCCAGGCCAGATGGTAGGTTTGAAGTGCGGTCTGTGTCACTGTGGTATTATGATTACGTTTGGGGGAGTTATCGTTCGGAGATCTACTCCATAGAACGTTGACTACTGGGGCCAGGGA		13	0.02138369	65	unresolved		unresolved					IGHD03-16*02	IGHD03	IGHD03-16	02				IGHJ04-01*02	IGHJ04	IGHJ04-01	02				0	0	0	5	19	3	-1	-1	56	88	107	2	Out	DJ							NA	0	0			No mutations for this sequence.
ATCCCGGGTTTCCCCAGGCCAGATGGTAGGTTTGAAGTGCGTTCTGTGTCACTGTGGTATTATGATTACGTTTGGGGGAGTTATCGTTCGGAGATCTCCTCAATAGAACGTTGACTACTGGGGCCAGGGA		12	0.01973879	65	unresolved		unresolved					IGHD03-16*02	IGHD03	IGHD03-16	02				IGHJ04-01*02	IGHJ04	IGHJ04-01	02				0	0	0	5	19	3	-1	-1	56	88	107	2	Out	DJ							NA	0	0			No mutations for this sequence.
ATCCCTTTTTTCCCCAGGCCAGATGGTAGGTTTGAAGTGCGGTCTGTGTCACTGTGGTATTATGATTACGTTTGGGGGAGTTATCGTTCGGAGATCTACTCCATAGAACGTTGACTACTGGGGCCAGGGA		12	0.01973879	65	unresolved		unresolved					IGHD03-16*02	IGHD03	IGHD03-16	02				IGHJ04-01*02	IGHJ04	IGHJ04-01	02				0	0	0	5	19	3	-1	-1	56	88	107	2	Out	DJ							NA	0	0			No mutations for this sequence.
CCAGGGCCTGTGTGGGAAAGGCCTCTGGCCACACTCAGGGGCTTTTTGTGAAGGGCCCTCCTGCTGTGTGACTACGGTGGTAACTCCAGCTGTGGTGGATGAGGTTGTCTTTGACTACTGGGGCCAGGGA		12	0.01973879	53	unresolved		unresolved					IGHD04-23*01	IGHD04	IGHD04-23	01				IGHJ04-01*02	IGHJ04	IGHJ04-01	02				0	0	0	0	21	4	-1	-1	68	87	108	1	Out	DJ							NA	0	0			No mutations for this sequence.
CCCTGGAGATCGCAGCCACATCAGCCCCCAGCCCCACAGGCCCCCTACCAGCCGCAGGGTTTTGGCTGAGCTGAGAACCCCTGAAAAAGATAAATCCTACTACTACTACATGGACGTCTGGGGCTAAGGG		12	0.01973879	35	unresolved		unresolved					IGHD07-27*01	IGHD07	IGHD07-27	01				IGHJ06-01*03	IGHJ06	IGHJ06-01	03				0	0	0	34	33	7	-1	-1	86	63	96	1	Out	DJ							NA	0	0			No mutations for this sequence.
TGCCTCCTCAGGTCAGCCCTGGACATCCCGGGTTTCCCCAGGCCTGGCGGTAGGTTTGAAGTGAGGTCTGTGTCACTGTGGTATTACTATGATAGTAGCCCGATGGGGTTTTGATATCTGGGGCCAAGGG		12	0.01973879	41	unresolved		unresolved					IGHD03-22*01	IGHD03	IGHD03-22	01				IGHJ03-01*02	IGHJ03	IGHJ03-01	02				0	0	0	13	8	4	-1	-1	80	98	106	1	Out	DJ							NA	0	0			No mutations for this sequence.
ATCCCTGGTTTCCCCAGGCCAGATGGTAGGTTTGAAGTGCGGTCTGTGTCACTGTGGTATTATGATTACGTTTGGGGGAGTTATCGTTAGGAGATGTAATCCATAGAACGTTGACTACTGGGGCCAGGGA		11	0.01809389	65	unresolved		unresolved					IGHD03-16*02	IGHD03	IGHD03-16	02				IGHJ04-01*02	IGHJ04	IGHJ04-01	02				0	0	0	4	18	3	-1	-1	56	89	107	2	Out	DJ							NA	0	0			No mutations for this sequence.
CACGCTGTATCTGCAAATGAACAGCCTGAGAGCTGAGGACACGGCTGTGTATTACTGTGCGAAAGATGTTGACTCGGCCACGTATTACTATGATAGTAGTGGTTACTACCCCGACTACTGGGGCCAGGGA	CAKDVDSATYYYDSSGYYPDYW	11	0.01809389	66	IGHV03	IGHV03	unresolved			IGHV03-NL1,IGHV03-30_3,IGHV03-30		IGHD03-22*01	IGHD03	IGHD03-22	01				IGHJ04-01*02	IGHJ04	IGHJ04-01	02				0	15	0	7	7	8	55	66	81	105	112	1	In	VDJ							NA	0	0			No mutations for this sequence.
CGCGGACAAATCCACGGGCACAGCCTACATGGAGCTGATCGGCCTCACATCTTACGACACGGCCGTATATTTTTGCGCGAGGAGTGGACTTTATGATAAATTGGGCTTTTTGACCTACTGGGGCCAGGGA	CARSGLYDKLGFLTYW	11	0.01809389	48	IGHV01-69	IGHV01	IGHV01-69				10,09,08,06,04,02	IGHD03	IGHD03	unresolved			IGHD03-16,IGHD03-22,IGHD03-09		IGHJ04-01*02	IGHJ04	IGHJ04-01	02				3	9	3	27	17	10	73	81	90	97	114	1	In	VDJ							NA	0	0			No mutations for this sequence.
CTGGACATCCCGGGTTTCCCCAGGCTGGCGGTAGGTTTGGGGTGAGGTCTGTGTCACTGTGGTATTACGATTTTTGGAGTGGTTATTTGCTACACACACGTGTCGACCTTTTGATATCTGGGGCCAAGGG		11	0.01809389	60	unresolved		unresolved					IGHD03-03*01	IGHD03	IGHD03-03	01				IGHJ03-01*02	IGHJ03	IGHJ03-01	02				0	0	0	5	20	5	-1	-1	61	87	107	2	Out	DJ							NA	0	0			No mutations for this sequence.
GTCTAAAGACACAGCCTACATGGAAATGAGCAGCCTCAGATCTGAGGACACGGCCCTATATTATTGTACAACTTTTGATAGGGGGTCGGACAATCTCGATTATGATGGTTTTGATATATGGGGCCAAGGG	CTTFDRGSDNLDYDGFDIW	11	0.01809389	57	IGHV01-f	IGHV01	IGHV01-f				02,01	IGHD03-16	IGHD03	IGHD03-16				01,02	IGHJ03-01*02	IGHJ03	IGHJ03-01	02				3	26	2	27	2	6	64	72	98	106	108	1	In	VDJ							NA	0	0			No mutations for this sequence.
GTCTGAAGACACAGCCTATATGGAGTTGAGTAGTCTGACATCTGAAGACACGGCCGTCTATTTCTGTGCAAGGGATCGTGCCCTACGATCGACTACGGTGACTACAGGGTTCAGATACTGGGGCCAGGGA	CARDRALRSTTVTTGFRYW	11	0.01809389	57	IGHV01	IGHV01	unresolved			IGHV01-f,IGHV01-24		IGHD04-17*01	IGHD04	IGHD04-17	01				IGHJ04-01*02	IGHJ04	IGHJ04-01	02				4	19	1	0	10	11	64	71	90	105	115	1	In	VDJ							NA	0	0			No mutations for this sequence.
ATCCCGGGTTTCCCCAGGCCAGATGGTAGGTTTGAAGTGCGGTCTGTGTGGCGTTGGTAGTATGATTACGTTTGGGGGAGTTATCGTTCGGAGATCTACTCCATAGAACGTTGACTACTGGGGCCAGGGA		10	0.01644899	65	unresolved		unresolved					IGHD03-16*02	IGHD03	IGHD03-16	02				IGHJ04-01*02	IGHJ04	IGHJ04-01	02				0	0	0	5	19	3	-1	-1	56	88	107	2	Out	DJ							NA	0	0			No mutations for this sequence.
CAAGAACTCACTGTATCTGCAAATGAACAGCCTGAGAGCCGAGGACACGGCTGTGTATTACTGTGCGAGAGTCTCTTCTAGGGCAGTGGCTGGGAGTCGGCATGATGCTTTTGATATCTGGGGCCAAGGG	CARVSSRAVAGSRHDAFDIW	10	0.01644899	60	IGHV03	IGHV03	unresolved			IGHV03-h,IGHV03-48,IGHV03-21,IGHV03-11,IGHV03-07		IGHD06-19*01	IGHD06	IGHD06-19	01				IGHJ03-01*02	IGHJ03	IGHJ03-01	02				1	11	7	3	9	0	61	71	82	93	102	1	In	VDJ							NA	0	0			No mutations for this sequence.
CATCCCGGGTTTCCCCAGGCCAGATGGTAGGTTTGAAGTGCGGTCTGTGTCACTGTGGTATTATGATTACGTTTGGGGGAGTTATCGTTCGGAGATCTACTCCATAGAACGTTGACTACTGGGGCCAGGA		10	0.01644899	64	unresolved		unresolved					IGHD03-16*02	IGHD03	IGHD03-16	02				unresolved		unresolved		IGHJ04,IGHJ05	IGHJ04-01,IGHJ05-01		0	0	0	5	35	20	-1	-1	57	89	124	2	Out	DJ							NA	0	0			No mutations for this sequence.
ACAGCAAGAGGGGACTCAGTGACTCCCGCGGGGACAGGAGGATTTTGTGGGGGCTCGTGTCACTGTGAGCATATTGTAGTAGTACCAGCTGCTATCAGGGAATGATGCTTTTGATATCTGGGGCCAAGGG		9	0.01480409	54	unresolved		unresolved					IGHD02-02	IGHD02	IGHD02-02				01,02	IGHJ03-01*02	IGHJ03	IGHJ03-01	02				0	0	0	3	7	0	-1	-1	67	95	102	1	Out	DJ							NA	0	0			No mutations for this sequence.
AGGCCAGAGCCAGCAAAAGGGACCTCGGTGACACCAGTAGGGACAGGAGGATTTTGTGGGGGCTCGTGTCTCTGTGAGCATATTGTGGTGGTGATTGCTATTCCTCCCATTTGACTACTGGGGCCAGGGA		9	0.01480409	45	unresolved		unresolved					IGHD02-15*01	IGHD02	IGHD02-15	01				IGHJ04-01*02	IGHJ04	IGHJ04-01	02				0	0	0	14	16	5	-1	-1	76	93	109	1	Out	DJ							NA	0	0			No mutations for this sequence.
AGGCCCCACGCAGCAGCCCAGCCCCTACCCAGGAGGCCCCAGAGCTCAGGGCGCCTGGGTGGATTCTGAACAGCCCCGAGTCACGGTGGGTATAGTGGGAGCTCACCAATTTGACTACTGGGGCCAGGGA		9	0.01480409	33	unresolved		unresolved					IGHD01-26*01	IGHD01	IGHD01-26	01				IGHJ04-01*02	IGHJ04	IGHJ04-01	02				0	0	0	5	4	3	-1	-1	88	103	107	1	Out	DJ							NA	0	0			No mutations for this sequence.
ATCCACGAGCACAGCCTACATGGAATTGAGGAGCCTGAGATCTGACGACACGGCCGTGTATTACTGTGCGAGAGACTGGAGGGAGAAGGCTACACTGATTAAGTCCTGGTTCGACCCCTGGGGCCAGGGA	CARDWREKATLIKSWFDPW	9	0.01480409	57	IGHV01-18*01	IGHV01	IGHV01-18	01				IGHD05-24*01	IGHD05	IGHD05-24	01				IGHJ05-01*02	IGHJ05	IGHJ05-01	02				0	12	8	5	11	4	64	75	87	94	105	1	In	VDJ							NA	0	0			No mutations for this sequence.
ATCCCGGGTTTCCCCAGGCCAGATGGTAGGTTTGAAGTGCGGTCTGTTTCACTGTGGTAGTATGATTACGTTTGGGGGAGTTATCGTTCGGAGATCTACTCCATAGAACGTTGACTACTGGGGCCAGGGA		9	0.01480409	65	unresolved		unresolved					IGHD03-16*02	IGHD03	IGHD03-16	02				IGHJ04-01*02	IGHJ04	IGHJ04-01	02				0	0	0	5	19	3	-1	-1	56	88	107	2	Out	DJ							NA	0	0			No mutations for this sequence.
ATCGGTGGTTTCCCCAGGCCAGATGGTAGGTTTGAAGTGCGGTCTGTGTCACTGTGGTATTATGATTACGTTTGGGGGAGTTATCGTTCGGAGATCTACTCCATAGAACGTTGACTACTGGGGCCAGGGA		9	0.01480409	65	unresolved		unresolved					IGHD03-16*02	IGHD03	IGHD03-16	02				IGHJ04-01*02	IGHJ04	IGHJ04-01	02				0	0	0	5	19	3	-1	-1	56	88	107	2	Out	DJ							NA	0	0			No mutations for this sequence.
TCCCGGGTTTCCCCAGGCCAGATGGTAGGTTTGAAGTGCGGTCTGTGTCACTGTGGTATTATGATTACGTTTGGGGGGAGTTATCGTTCGGAGATCTACTCCATAGAACGTTGACTACTGGGGCCAGGGA		9	0.01480409	66	unresolved		unresolved					IGHD03-16	IGHD03	IGHD03-16				01,02	IGHJ04-01*02	IGHJ04	IGHJ04-01	02				0	0	0	15	30	3	-1	-1	55	77	107	2	Out	DJ							NA	0	0			No mutations for this sequence.
AGCCCGTTGGTCCCCAGGCCAGATGGTAGGTTTGAAGTGCTTTCTGTGTCACTGTGGTATTATGATTACGTTTGGGGGAGTTATCGTTCGGAGATCTACTCCATAGAACGTTGACTACTGGGGCCAGGGA		8	0.01315919	65	unresolved		unresolved					IGHD03-16*02	IGHD03	IGHD03-16	02				IGHJ04-01*02	IGHJ04	IGHJ04-01	02				0	0	0	5	19	3	-1	-1	56	88	107	2	Out	DJ							NA	0	0			No mutations for this sequence.
ATCCCGGGTTTCCCCAGGCCAGATGGTAGGTTTGAAGTGCGGTCTGTGTCACTTTGGTAGTATGATTACGTTTGGGGGAGTTATCGTTCGGAGATCTACTCCATAGAACGTTGACTACTGGGGCCAGGGA		8	0.01315919	65	unresolved		unresolved					IGHD03-16*02	IGHD03	IGHD03-16	02				IGHJ04-01*02	IGHJ04	IGHJ04-01	02				0	0	0	5	19	3	-1	-1	56	88	107	2	Out	DJ							NA	0	0			No mutations for this sequence.
CCAGTCCGGGGGGCCCCTGGCACAGCTGTCTGGCCCCTCCCTGTCCCCTGGGAAGCTCCTCCTGACAGCCCCGCCTCCAGTTCCAGGTGTGGTTATTGTCAGGGGGTGTCAGACTCGAAACCCACAGGGA		8	0.01315919	3	unresolved		unresolved					IGHD05-18*01	IGHD05	IGHD05-18	01				unresolved		unresolved		IGHJ04,IGHJ05	IGHJ04-01,IGHJ05-01		0	0	0	23	9	20	-1	-1	118	115	124	2	Out	DJ							NA	0	0			No mutations for this sequence.
CCAGTCCTGGGGGCCCCTGGCACAGCTGTCTGGCCCCTCCCTGTCCCCTGGGAAGCTCCTCCTGACAGCCCCGCCTCCAGTTCCAGGTGTGGTTATTGTCAGGGGGTGTCAGACTCGAAACCCACAGGGA		8	0.01315919	3	unresolved		unresolved					IGHD05-18*01	IGHD05	IGHD05-18	01				unresolved		unresolved		IGHJ04,IGHJ05	IGHJ04-01,IGHJ05-01		0	0	0	23	9	20	-1	-1	118	115	124	2	Out	DJ							NA	0	0			No mutations for this sequence.
GAGACCCCGCCCACAAGCCCAGCCCCCACCCAGGAGGCCCCAGAGCACAGGGCGCCCCGTCGGATTCTGAACAGCCCCGAGTCACAGTGGGTATAACTGGAACTACTACTTTGACTACTGGGGCCAGGGA		8	0.01315919	32	unresolved		unresolved					IGHD01-07*01	IGHD01	IGHD01-07	01				IGHJ04-01*02	IGHJ04	IGHJ04-01	02				0	0	0	2	0	0	-1	-1	89	-1	104	1	Out	DJ							NA	0	0			No mutations for this sequence.
GCAGCCAAGTCCAAGAGGCGCGCTGAGCCCAGCAAGGGAAGGCCCCCAAACAAACCAGGAGGTTTCTGAAGCTGTCTGTGTCGCAGTCGGGTATAGCAGCGGCTACGTCTTTGACTACTGGGGCCAGGGA		8	0.01315919	33	unresolved		unresolved					IGHD06-25*01	IGHD06	IGHD06-25	01				IGHJ04-01*02	IGHJ04	IGHJ04-01	02				0	0	0	0	2	4	-1	-1	88	106	108	1	Out	DJ							NA	0	0			No mutations for this sequence.
GGTCACCATCTCCAAGGACACGTCCAAAAACCAGGTGGTCCTTACAATGACAGACATGGACCCTGTGGACACAGCCACCTTTTATTGTGCACGGGGCCCGGCCAGTCATTTTGACTACTGGGGCCCGGGA	CARGPASHFDYW	8	0.01315919	36	IGHV02-70*13	IGHV02	IGHV02-70	13				unresolved		unresolved		IGHD01,IGHD02,IGHD04,IGHD06	IGHD01-14,IGHD02-02,IGHD04-11,IGHD04-04,IGHD06-19,IGHD06-25		IGHJ04-01*02	IGHJ04	IGHJ04-01	02				4	3	7	6	8	5	85	94	97	101	109	1	In	VDJ							NA	0	0			No mutations for this sequence.
ATGGGGGGTTTCCCCAGGCCAGATGGTAGGTTTGAAGTGCGGTCTGTGTCACTGTGGTATTATGATTACGTTTGGGGGAGTTATCGTTCGGAGATCTACTCCATAGAACGTTGACTACTGGGGCCAGGGA		7	0.01151429	65	unresolved		unresolved					IGHD03-16*02	IGHD03	IGHD03-16	02				IGHJ04-01*02	IGHJ04	IGHJ04-01	02				0	0	0	5	19	3	-1	-1	56	88	107	2	Out	DJ							NA	0	0			No mutations for this sequence.
ATTCACCATCTCCAGAGACAACGACAACAATTCAGTGTTTCTGCAGATGAACAGTCTGAGAGTCGAGGACACGGCCGTCTACTACTGTGCGAGATCGACTGATGGTTATTATGACGTCTGGGGCCAGGGA	CARSTDGYYDVW	7	0.01151429	36	IGHV03	IGHV03	unresolved			IGHV03-21,IGHV03-11,IGHV03-07		IGHD03	IGHD03	unresolved			IGHD03-03,IGHD03-09		unresolved		unresolved		IGHJ04,IGHJ05	IGHJ04-01,IGHJ05-01		2	8	18	3	5	13	85	94	102	112	117	1	In	VDJ							NA	0	0			No mutations for this sequence.
CAGAGACAATTCCGAGCACACGGTGGATCTGCAAATGAACACCCTGAGAGCTGAGGACACGGCTGTTTATTACTGTGCGAAAGATCGCTTTGACTACGGTAACCTCTACTTTGACTACTGGGGCCAGGGA	CAKDRFDYGNLYFDYW	7	0.01151429	48	IGHV03	IGHV03	unresolved			IGHV03-NL1,IGHV03-30_3,IGHV03-30		IGHD04	IGHD04	unresolved			IGHD04-17,IGHD04-23		IGHJ04-01*02	IGHJ04	IGHJ04-01	02				0	6	0	6	5	1	73	84	90	100	105	1	In	VDJ							NA	0	0			No mutations for this sequence.
CCAGTCCTGGGGGCCCCTGGCACAGCTGTCTGGCCCCTCCCTGTTCCCTGGAAAGCTCCTCCTGACAGCCCCGCCTCCAGTTCCAGGTGTGGTTATTGTCAGGGGGTGTCAGACTCGAAACCCACAGGGA		7	0.01151429	3	unresolved		unresolved					IGHD05-18*01	IGHD05	IGHD05-18	01				unresolved		unresolved		IGHJ04,IGHJ05	IGHJ04-01,IGHJ05-01		0	0	0	23	9	20	-1	-1	118	115	124	2	Out	DJ							NA	0	0			No mutations for this sequence.
CTGACAGCCCCGCCTCCAGTTCCAGGTGTGGTTATTGTCAGGCGATGTCAGACTGTGGTGGATATAGTGGCTACGAGGAGCTGGCATCTGAGTCGACTACTACTACTACATGGACGTCTGGGGCAAAGGG		7	0.01151429	64	unresolved		unresolved					IGHD05-12*01	IGHD05	IGHD05-12	01				IGHJ06-01*03	IGHJ06	IGHJ06-01	03				0	0	0	4	17	4	-1	-1	57	76	93	1	Out	DJ							NA	0	0			No mutations for this sequence.
CTGTGGCCCCAAGTAACCAGGTCATCTCTGCCTTCAGCCCAGCCCCTGTGGAGGTGAATCTGAAGCTCCGCCGGCCATCCTTCCGTGATGATATTGATCTCAATGCTACCTTTGATGTGGATACTCCCCC		7	0.01151429	6	unresolved		unresolved					IGHD01-20*01	IGHD01	IGHD01-20	01				IGHJ01P-01*01	IGHJ01P	IGHJ01P-01	01				0	0	0	84	76	14	-1	-1	115	48	124	2	Out	DJ							NA	0	0			No mutations for this sequence.
GCAGATGAACAGCCTGAGAGCTGAGGACACGGCTGTATATTACTGTGCGAAAGATGAACGTCGATACGAATTATGGAGTAGGGGGGGGAATTCTTACTCCTATTATGGAATGGACGTCTGGGGCCAAGGG	CAKDERRYELWSRGGNSYSYYGMDVW	7	0.01151429	78	IGHV03	IGHV03	unresolved			IGHV03-NL1,IGHV03-30_3,IGHV03-30		unresolved		unresolved		IGHD02,IGHD03	IGHD02-15,IGHD03-10,IGHD03-16,IGHD03-03,IGHD03-09		IGHJ06-01*02	IGHJ06	IGHJ06-01	02				0	40	25	0	6	17	43	54	94	100	106	1	In	VDJ							NA	0	0			No mutations for this sequence.
GTCCGTGGTTTCCCCAGGCCAGATGGTAGGTTTGAAGTGCGGTCTGTGTCACTGTGGTATTATGATTACGTTTGGGGGAGTTATCGTTCGGAGATCTACTCCATAGAACGTTGACTACTGGGGCCAGGGA		7	0.01151429	65	unresolved		unresolved					IGHD03-16*02	IGHD03	IGHD03-16	02				IGHJ04-01*02	IGHJ04	IGHJ04-01	02				0	0	0	5	19	3	-1	-1	56	88	107	2	Out	DJ							NA	0	0			No mutations for this sequence.
TTACTCTCCATGAATACAAATAAATTAACAATCTCAAGCAACACCCTTTCAAGTGCAGTCTGCCTTACAATGACCAATCTGAAAGCCAAGGACAAGGCCATGTATTACTGTGAGTGACACAGTGAGGGAA		7	0.01151429	13	IGHV_III-or15_adap07	IGHV_III	IGHV_III-or15_adap07					unresolved		unresolved		IGHD04,IGHD06	IGHD04-11,IGHD04-04,IGHD06-19		IGHJ02P-01*01	IGHJ02P	IGHJ02P-01	01				0	1	5	6	1	26	108	117	118	123	124	1	Out	VDJ							NA	0	0			No mutations for this sequence.
AGACACGTCCAAGAACCAGTTCTCCCTGAAGCTGAGCTCTGTGACCGCCGCGGACACGGCCGTGTATTTTTGTGCGAGAGAAAGATATAAACCTTATTACTTCTACGGTATGGACGTCTGGGGCCAAGGG	CARERYKPYYFYGMDVW	6	0.0098694	51	IGHV04	IGHV04	unresolved			IGHV04-59,IGHV04-39,IGHV04-04		IGHD05-12*01	IGHD05	IGHD05-12	01				IGHJ06-01*02	IGHJ06	IGHJ06-01	02				0	2	3	14	8	8	70	81	83	89	97	1	In	VDJ							NA	0	0			No mutations for this sequence.
ATCCCGGGTTTCCCCAGGCCAGATGGTAGGTTTGAAGTCCGGTCTGTGTCACTGTGGTATTATGATTACCTTTGGGGGAGTTATCGTTCGGAGATCTACTCCATAGAACGTTGACTACTGGGGCCAGGGA		6	0.0098694	65	unresolved		unresolved					IGHD03-16*02	IGHD03	IGHD03-16	02				IGHJ04-01*02	IGHJ04	IGHJ04-01	02				0	0	0	5	19	3	-1	-1	56	88	107	1	Out	DJ							NA	0	0			No mutations for this sequence.
ATCCCGGGTTTCCCCAGGCCAGATGGTAGGTTTGAAGTGCGGTCTGTGGGGGTGTGGTAGTATGATTACGTTTGGGGGAGTTATCGTTCGGAGATCTACTCCATAGAACGTTGACTACTGGGGCCAGGGA		6	0.0098694	65	unresolved		unresolved					IGHD03-16*02	IGHD03	IGHD03-16	02				IGHJ04-01*02	IGHJ04	IGHJ04-01	02				0	0	0	5	19	3	-1	-1	56	88	107	2	Out	DJ							NA	0	0			No mutations for this sequence.
ATCCCGGGTTTCCCCAGGCCAGATGGTAGGTTTGAAGTGCGGTCTGTGTCACTGTGGTATTATGATTACGTTTGGGGGAGTTATCGTTCGGAGGGCTACTCCATAGAACGTTGACTACTGGGGCCAGGGA		6	0.0098694	65	unresolved		unresolved					IGHD03-16*02	IGHD03	IGHD03-16	02				IGHJ04-01*02	IGHJ04	IGHJ04-01	02				0	0	0	5	19	3	-1	-1	56	88	107	2	Out	DJ							NA	0	0			No mutations for this sequence.
ATCCCGGGTTTCCCCAGGCCAGATGGTAGGTTTGAAGTGCGGTCTGTGTCACTGTGGTATTATGATTACGTTTGGGGGAGTTCACGTTCGGAGATCTACTCCATAGAACGTTGACTACTGGGGCCAGGGA		6	0.0098694	65	unresolved		unresolved					IGHD03-16	IGHD03	IGHD03-16				01,02	IGHJ04-01*02	IGHJ04	IGHJ04-01	02				0	0	0	11	25	3	-1	-1	56	82	107	2	Out	DJ							NA	0	0			No mutations for this sequence.
ATGCGTGGTTTCCCCAGGCCAGATGGTAGGTTTGAAGTGCGGTCTGTGTCACTGTGGTATTATGATTACGTTTGGGGGAGTTATCGTTCGGAGATCTACTCCATAGAACGTTGACTACTGGGGCCAGGGA		6	0.0098694	65	unresolved		unresolved					IGHD03-16*02	IGHD03	IGHD03-16	02				IGHJ04-01*02	IGHJ04	IGHJ04-01	02				0	0	0	5	19	3	-1	-1	56	88	107	2	Out	DJ							NA	0	0			No mutations for this sequence.
CCAGTCCGGGGGGCCCCTGGCACAGCTGTCTGGCCCCTCCCTGTTCCCTGGGAAGCTCCTCCTGACAGCCCCGCCTCCAGTTCCAGGTGTGGTTATTGTCAGGGGGTGTCAGACTCGAAACCCACAGGGA		6	0.0098694	3	unresolved		unresolved					IGHD05-18*01	IGHD05	IGHD05-18	01				unresolved		unresolved		IGHJ04,IGHJ05	IGHJ04-01,IGHJ05-01		0	0	0	23	9	20	-1	-1	118	115	124	2	Out	DJ							NA	0	0			No mutations for this sequence.
TCCCGGGTTTCCCCAGGCCAGATGGTAGGTTTGAAGTGAGGTCTGTGTCACTGTGGTATTATGATTACGTTTGGGGGAGTTATCGTTGTAGACACACACGTGTCGACCTTTTGATATCTGGGGCCAAGGG		6	0.0098694	66	unresolved		unresolved					IGHD03-16*02	IGHD03	IGHD03-16	02				IGHJ03-01*02	IGHJ03	IGHJ03-01	02				0	0	0	5	20	5	-1	-1	55	87	107	2	Out	DJ							NA	0	0			No mutations for this sequence.
AGCGCGGTTTTCCCCAGGCCAGATGGTAGGTTTGAAGTGCGGTCTGTGTCACTGTGGTATTATGATTACGTTTGGGGGAGTTATCGTTCGGAGATCTACTCCATAGAACGTTGACTACTGGGGCCAGGGA		5	0.0082245	65	unresolved		unresolved					IGHD03-16*02	IGHD03	IGHD03-16	02				IGHJ04-01*02	IGHJ04	IGHJ04-01	02				0	0	0	5	19	3	-1	-1	56	88	107	2	Out	DJ							NA	0	0			No mutations for this sequence.
AGCGCTGGTTTCCCCAGGCCAGATGGTAGGTTTGAAGTGCGGTCTGTGTCACTGTGGTATTATGATTACGTTTGGGGGAGTTATCGTTCGGAGATCTACTCCATAGAACGTTGACTACTGGGGCCAGGGA		5	0.0082245	65	unresolved		unresolved					IGHD03-16*02	IGHD03	IGHD03-16	02				IGHJ04-01*02	IGHJ04	IGHJ04-01	02				0	0	0	5	19	3	-1	-1	56	88	107	2	Out	DJ							NA	0	0			No mutations for this sequence.
ATCCCGGGTTTCCCCAGGCCAGATGGTAGGTTTGAAGTGCGGTCTGTATCACTGTGGTATTATGATTACGTTTGGGGGAATTATCGTTCGGAGATCTACTCCATAGAACGTTGACTACTGGGGCCAGGGA		5	0.0082245	65	unresolved		unresolved					IGHD03-16*02	IGHD03	IGHD03-16	02				IGHJ04-01*02	IGHJ04	IGHJ04-01	02				0	0	0	5	19	3	-1	-1	56	88	107	1	Out	DJ							NA	0	0			No mutations for this sequence.
ATCCCGGGTTTCCCCAGGCCAGATGGTAGGTTTGAAGTGCGGTCTGTGTCACTGTGGTATTATGATTACGTTTGGGGGAGTTTGCGTTCGGAGATCTACTCCATAGAACGTTGACTACTGGGGCCAGGGA		5	0.0082245	65	unresolved		unresolved					IGHD03-16	IGHD03	IGHD03-16				01,02	IGHJ04-01*02	IGHJ04	IGHJ04-01	02				0	0	0	11	25	3	-1	-1	56	82	107	2	Out	DJ							NA	0	0			No mutations for this sequence.
CATCCCGGGTTCCCCAGGCCAGATGGTAGGTTTGAAGTGCGGTCTGTGTCACTGTGGTATTATGATTACGTTTGGGGGAGTTATCGTTCGGAGATCTACTCCATAGAACGTTGACTACTGGGGCCAGGGA		5	0.0082245	65	unresolved		unresolved					IGHD03-16*02	IGHD03	IGHD03-16	02				IGHJ04-01*02	IGHJ04	IGHJ04-01	02				0	0	0	5	19	3	-1	-1	56	88	107	2	Out	DJ							NA	0	0			No mutations for this sequence.
CATCCCGGGTTTCCCCAGGCCAGATGGTAGGTTTGAAGTGCGGTCTGTGTCACTGTGGTATATGATTACGTTTGGGGGAGTTATCGTTCGGAGATCTACTCCATAGAACGTTGACTACTGGGGCCAGGGA		5	0.0082245	64	unresolved		unresolved					IGHD03-16	IGHD03	IGHD03-16				01,02	IGHJ04-01*02	IGHJ04	IGHJ04-01	02				0	0	0	33	46	3	-1	-1	57	61	107	2	Out	DJ							NA	0	0			No mutations for this sequence.
CATCCCGGGTTTCCCCAGGCCAGATGGTAGGTTTGAAGTGCGGTCTGTGTCACTGTGGTATTATGATTACGTTTGGGGGAGTATCGTTCGGAGATCTACTCCATAGAACGTTGACTACTGGGGCCAGGGA		5	0.0082245	64	unresolved		unresolved					IGHD03-16	IGHD03	IGHD03-16				01,02	IGHJ04-01*02	IGHJ04	IGHJ04-01	02				0	0	0	12	25	3	-1	-1	57	82	107	2	Out	DJ							NA	0	0			No mutations for this sequence.
CATCCCGGGTTTCCCCAGGCCAGATGGTAGGTTTGAAGTGCGGTCTGTGTCACTGTGTATTATGATTACGTTTGGGGGAGTTATCGTTCGGAGATCTACTCCATAGAACGTTGACTACTGGGGCCAGGGA		5	0.0082245	64	unresolved		unresolved					IGHD03-16	IGHD03	IGHD03-16				01,02	IGHJ04-01*02	IGHJ04	IGHJ04-01	02				0	0	0	37	50	3	-1	-1	57	57	107	2	Out	DJ							NA	0	0			No mutations for this sequence.
AGCCCGGGGGTCCCCAGGCCAGATGGTAGGTTTGAAGTGGGTTCTGTGTCACTGTGGTATTATGATTACGTTTGGGGGAGTTATCGTTCGGAGATCTACTCCATAGAACGTTGACTACTGGGGCCAGGGA		4	0.0065796	65	unresolved		unresolved					IGHD03-16*02	IGHD03	IGHD03-16	02				IGHJ04-01*02	IGHJ04	IGHJ04-01	02				0	0	0	5	19	3	-1	-1	56	88	107	2	Out	DJ							NA	0	0			No mutations for this sequence.
AGCCCTGGACATCCCGGGTTTCCCCAGGCCAGATGGTAGGTTTGAAGTGCGGTCTGTGTCACTGTGGTATTACTATGATAGTAGTGGTTATTACTACGGGACCCGTCCCTTTGACTACTGGGGCCAGGGA		4	0.0065796	55	unresolved		unresolved					IGHD03-22*01	IGHD03	IGHD03-22	01				IGHJ04-01*02	IGHJ04	IGHJ04-01	02				0	0	0	0	11	4	-1	-1	66	97	108	2	Out	DJ							NA	0	0			No mutations for this sequence.
ATCCCGGGTTTCCCCAGGCCAGATGGTAGGTTTGAAGTGCGGTCTGTGTCACTGTGGTATTATGATTACGTTTGGGGGAGTTCGCGTTCGGAGATCTACTCCATAGAACGTTGACTACTGGGGCCAGGGA		4	0.0065796	65	unresolved		unresolved					IGHD03-16	IGHD03	IGHD03-16				01,02	IGHJ04-01*02	IGHJ04	IGHJ04-01	02				0	0	0	11	25	3	-1	-1	56	82	107	2	Out	DJ							NA	0	0			No mutations for this sequence.
ATCCCGGGTTTCCCCAGGCCAGATGGTAGGTTTGAAGTGCGGTCTGTGTCACTGTGGTATTATGATTACGTTTGTTTTGGTTATCGTTCGGAGATGTACTCCATAGAACGTTGACTACTGGGGCCAGGGA		4	0.0065796	65	unresolved		unresolved					IGHD03-16	IGHD03	IGHD03-16				01,02	IGHJ04-01*02	IGHJ04	IGHJ04-01	02				0	0	0	19	33	3	-1	-1	56	74	107	2	Out	DJ							NA	0	0			No mutations for this sequence.
ATCCCGGGTTTCCCCAGGCCAGATGGTAGGTTTGAAGTGCGGTCTGTGTCACTGTGGTATTATGATTACGTTTTTGTTGGTTATCGTTCGGAGATCTACTCCATAGAACGTTGACTACTGGGGCCAGGGA		4	0.0065796	65	unresolved		unresolved					IGHD03-16	IGHD03	IGHD03-16				01,02	IGHJ04-01*02	IGHJ04	IGHJ04-01	02				0	0	0	20	34	3	-1	-1	56	73	107	2	Out	DJ							NA	0	0			No mutations for this sequence.
ATCCCGGGTTTCCCCAGGCCAGATGGTAGGTTTGGAGTGCGGTCTGTTGGAGTGTGGTAGTATGATTACGTTTGGGGGAGTTATCGTTCGGAGATCTACTCCATAGAACGTTGACTACTGGGGCCAGGGA		4	0.0065796	65	unresolved		unresolved					IGHD03-16*02	IGHD03	IGHD03-16	02				IGHJ04-01*02	IGHJ04	IGHJ04-01	02				0	0	0	5	19	3	-1	-1	56	88	107	2	Out	DJ							NA	0	0			No mutations for this sequence.
ATCCCGGGTTTCCCCAGGCCAGATGTCAGGTTTGAAGTGCGGTCTGTGTCACTGTGGTATTATGATTACATTTGGGGGAGTTATCGTTCGGAGATCTACTCCATAGAACGTTGACTACTGCGGCCAGGGA		4	0.0065796	65	unresolved		unresolved					IGHD03-16*02	IGHD03	IGHD03-16	02				IGHJ04-01*02	IGHJ04	IGHJ04-01	02				0	0	0	5	22	6	-1	-1	56	88	110	2	Out	DJ							NA	0	0			No mutations for this sequence.
ATCCCTGGTTTCGCCAGGCCAGATGGTAGGTTTGAAGTGCGGTCTGTGTCACTGTGGTATTATGATTACTTTTGGGGGAGTTATCGTTAGGAGATCTAATCCATAGAACGTTGACTACTGGGGCCAGGGA		4	0.0065796	65	unresolved		unresolved					IGHD03-16*02	IGHD03	IGHD03-16	02				IGHJ04-01*02	IGHJ04	IGHJ04-01	02				0	0	0	4	18	3	-1	-1	56	89	107	2	Out	DJ							NA	0	0			No mutations for this sequence.
ATGCCGCGTTTCCCCAGCCCAGATGGTAGGTTTGATGTGCGGTCTGTGTCACTCTCGTATTATGATTACGTTTGGGGGAGTTATCGTTCGGAGATCTACTCCATAGAACGTTGACTACTGGGGCCAGGGA		4	0.0065796	65	unresolved		unresolved					IGHD03-16*02	IGHD03	IGHD03-16	02				IGHJ04-01*02	IGHJ04	IGHJ04-01	02				0	0	0	5	19	3	-1	-1	56	88	107	2	Out	DJ							NA	0	0			No mutations for this sequence.
CATCCCGGGTTTCCCCAGGCCAGATGGTAGGTTTGAAGTGCGGTCTGTGTCACTGTGGTATTATGATACGTTTGGGGGAGTTATCGTTCGGAGATCTACTCCATAGAACGTTGACTACTGGGGCCAGGGA		4	0.0065796	64	unresolved		unresolved					IGHD03-16	IGHD03	IGHD03-16				01,02	IGHJ04-01*02	IGHJ04	IGHJ04-01	02				0	0	0	27	40	3	-1	-1	57	67	107	2	Out	DJ							NA	0	0			No mutations for this sequence.
CATCCCGGGTTTCCCCAGGCCAGATGGTAGGTTTGAAGTGCGGTCTGTGTCACTGTGGTATTATGATTACGTTTGGGGGAGTTATCGTTCGGAGATCTACTCCATAGAACGTTGACTACTGGGCCAGGGA		4	0.0065796	64	unresolved		unresolved					IGHD03-16*02	IGHD03	IGHD03-16	02				unresolved		unresolved		IGHJ04,IGHJ05	IGHJ04-01,IGHJ05-01		0	0	0	5	31	16	-1	-1	57	89	120	2	Out	DJ							NA	0	0			No mutations for this sequence.
CCAGTCGTGGGGGCCCCTGGCACAGCTGTCTGGCCCCTCCCTGTTCCCTGGGAAGCTCCTCCTGACAGCCCCGCCTCCAGTTCCAGGTGTGGTTATTGTCAGGGGGTGTCAGACTCGAAACCCACAGGGA		4	0.0065796	3	unresolved		unresolved					IGHD05-18*01	IGHD05	IGHD05-18	01				unresolved		unresolved		IGHJ04,IGHJ05	IGHJ04-01,IGHJ05-01		0	0	0	23	9	20	-1	-1	118	115	124	2	Out	DJ							NA	0	0			No mutations for this sequence.
CCCCTACCCAGGAGGCCCCAGAGCTCAGGGCGCCTGGGTGGATTCTGAACAGCCCCGAGTCACGGTGGATATAGTGGGAGCTCCTGTCCCCAGCCCCCCTCAAGACTGGTTCGACCCCTGGGGCCAGGGA		4	0.0065796	54	unresolved		unresolved					IGHD01-26*01	IGHD01	IGHD01-26	01				IGHJ05-01*02	IGHJ05	IGHJ05-01	02				0	0	0	5	22	3	-1	-1	67	82	104	1	Out	DJ							NA	0	0			No mutations for this sequence.
GATGATTCCAAAAGCATCACCTATCTGCAAATGAACAGCCTGAGAGCCGAGGACACGGCCGTGTATTACTGTTGATTAACGTCGTTCCGAGGTCGACTACTACTACTACATGGACGTCTGGGGCAAAGGG		4	0.0065796	52	IGHV03-71*01	IGHV03	IGHV03-71	01				IGHD03-16	IGHD03	IGHD03-16				01,02	IGHJ06-01*03	IGHJ06	IGHJ06-01	03				8	0	6	25	15	4	69	-1	72	78	93	1	Out	VDJ							NA	0	0			No mutations for this sequence.
GGACACGGCCTATTTGCAAATGAACAACCTGAAAACCGAGGACACGGCCGTTTATTACTGTACTAAATCTTTGGACGAACTAGGTGGGGTGAATTACTACTACTACTTCATGGACGTCTGGGGCAAAGGG	CTKSLDELGGVNYYYYFMDVW	4	0.0065796	63	IGHV03-73	IGHV03	IGHV03-73				02,01	unresolved		unresolved		IGHD01,IGHD03	IGHD01-07,IGHD03-03		IGHJ06-01*03	IGHJ06	IGHJ06-01	03				4	11	10	1	12	5	58	65	76	82	94	1	In	VDJ							NA	0	0			No mutations for this sequence.
GTCCGGGTTTTCCCCAGGCCAGATGGTAGGTTTGAAGTGCGGTCTGTGTCACTGTGGTATTATGATTACGTTTGGGGGAGTTATCGTTCGGAGATCTACTCCATAGAACGTTGACTACTGGGGCCAGGGA		4	0.0065796	65	unresolved		unresolved					IGHD03-16*02	IGHD03	IGHD03-16	02				IGHJ04-01*02	IGHJ04	IGHJ04-01	02				0	0	0	5	19	3	-1	-1	56	88	107	2	Out	DJ							NA	0	0			No mutations for this sequence.
GTGCCTGGTTTCCCCAGGCCAGATGGTAGGTTTGAAGTGCGGTCTGTGTCACTGTGGTATTATGATTACGTTTGGGGGAGTTATCGTTCGGAGATCTACTCCATAGAACGTTGACTACTGGGGCCAGGGA		4	0.0065796	65	unresolved		unresolved					IGHD03-16*02	IGHD03	IGHD03-16	02				IGHJ04-01*02	IGHJ04	IGHJ04-01	02				0	0	0	5	19	3	-1	-1	56	88	107	2	Out	DJ							NA	0	0			No mutations for this sequence.
GTGGCGGTTTTCCCCAGGCCAGATGGTAGGTTTGAAGTGCGGTCTGTGTCACTGTGGTATTATGATTACGTTTGGGGGAGTTATCGTTCGGAGATCTACTCCATAGAACGTTGACTACTGGGGCCAGGGA		4	0.0065796	65	unresolved		unresolved					IGHD03-16*02	IGHD03	IGHD03-16	02				IGHJ04-01*02	IGHJ04	IGHJ04-01	02				0	0	0	5	19	3	-1	-1	56	88	107	2	Out	DJ							NA	0	0			No mutations for this sequence.
ATCCCGGGTTTCCCCAGGCCAGATGGTAGGTTTGAAGTGCGGTCTGTGTCACTGTGGTATTATGATTACGTTTGGGGGAGTTATCGTTCGGAGGTGTACTCCATAGAACGTTGACTACTGGGGCCAGGGA		3	0.0049347	65	unresolved		unresolved					IGHD03-16*02	IGHD03	IGHD03-16	02				IGHJ04-01*02	IGHJ04	IGHJ04-01	02				0	0	0	5	19	3	-1	-1	56	88	107	1	Out	DJ							NA	0	0			No mutations for this sequence.
CATCCCGGGTTTCCCCAGGCCAGATGGTAGGTTTGAAGTGGGTCTGTGTCACTGTGGTATTATGATTACGTTTGGGGGAGTTATCGTTCGGAGATCTACTCCATAGAACGTTGACTACTGGGGCCAGGGA		3	0.0049347	65	unresolved		unresolved					IGHD03-16*02	IGHD03	IGHD03-16	02				IGHJ04-01*02	IGHJ04	IGHJ04-01	02				0	0	0	5	19	3	-1	-1	56	88	107	1	Out	DJ							NA	0	0			No mutations for this sequence.
CGGGTTTCCCCAGGCCAGATGGTAGGTTTGAAGTGCGGTCTGTGTCACTGTGGTATTATGATTACGTTTGGGGGAGTTATCGTTCGGAGATCTACTCCATAGAACGTTGACTACTGGGGCCAGGCAGGGA		3	0.0049347	69	unresolved		unresolved					IGHD03-16*02	IGHD03	IGHD03-16	02				unresolved		unresolved		IGHJ04,IGHJ05	IGHJ04-01,IGHJ05-01		0	0	0	5	38	18	-1	-1	52	84	122	1	Out	DJ							NA	0	0			No mutations for this sequence.
GAACTCACTGTATCTGCAAATGAACAGCCTGAGAACCGAGGACACGGCTGTGTATTACTGTGCCAGAGCGTCACGATATTTTGACTGGTCTCCACTTTTTACAAGCGGGTTCGACCCCTGGGGCCAGGGA	CARASRYFDWSPLFTSGFDPW	3	0.0049347	63	IGHV03	IGHV03	unresolved			IGHV03-h,IGHV03-48,IGHV03-21,IGHV03-11,IGHV03-07		IGHD03-09*01	IGHD03	IGHD03-09	01				IGHJ05-01*02	IGHJ05	IGHJ05-01	02				1	4	5	9	16	4	58	68	72	89	105	1	In	VDJ							NA	0	0			No mutations for this sequence.
ATGGTAGGTTTGAAGTGCGGTCTGTGTCACTGTGGTATTATGATTACGTTTGGGTGGTATTATGATTACGTTTGGGGGAGTTATCGTTCGGAGATCTACTCCATAGAACGTTGACTACTGGGGCCAGGGA		2	0.0032898	87	unresolved		unresolved					IGHD03-16	IGHD03	IGHD03-16				01,02	IGHJ04-01*02	IGHJ04	IGHJ04-01	02				0	0	0	17	53	3	-1	-1	34	54	107	1	Out	DJ							NA	0	0			No mutations for this sequence.
CAGAGACAACGCCGAGAACTCTCTGTATCTTCAAATGGACAGCCTGAGAGCCGAGGACACGGCTTTTTATTACTGTGCGAGAGACCAGGAAGGCCTATTATTTGTGGGGCCGAGCTACTGGGGCCAGGGA	CARDQEGLLFVGPSYW	2	0.0032898	48	IGHV03	IGHV03	unresolved			IGHV03-h,IGHV03-48		unresolved		unresolved		IGHD02,IGHD03	IGHD02-21,IGHD03-10,IGHD03-16,IGHD03-03,IGHD03-09		IGHJ04-01*02	IGHJ04	IGHJ04-01	02				0	17	6	16	7	10	73	84	101	107	114	1	In	VDJ							NA	0	0			No mutations for this sequence.
CAGCCCTGGACATCCCGGGTTTCCCCAGGCCAGATGGTAGGTTTGAAGTGCGGTCTGTGTCACTGTGGTGTTTGGGGGAGTTATCGTTCGGAGATCTACTCCATAGAACGTTGACTACTGGGGCCAGGGA		2	0.0032898	54	unresolved		unresolved					IGHD03-16	IGHD03	IGHD03-16				01,02	IGHJ04-01*02	IGHJ04	IGHJ04-01	02				0	0	0	35	38	3	-1	-1	67	69	107	1	Out	DJ							NA	0	0			No mutations for this sequence.
CATCCCGGGTTTCCCCAGGCCAGATGGTAGGTTTGAAGTGCGGTCTGTGTCACTGTGGTATTATGATTACGTTTGGGGGAGTTATCGTTCGGAGATCAATGCATAGAACGTTGACTACTGGGGCCAGGGA		2	0.0032898	64	unresolved		unresolved					IGHD03-16*02	IGHD03	IGHD03-16	02				IGHJ04-01*02	IGHJ04	IGHJ04-01	02				0	0	0	5	18	3	-1	-1	57	89	107	1	Out	DJ							NA	0	0			No mutations for this sequence.
CCAGATGGTAGGTTTGAAGTGCGGTCTGTGTCACTATGGTATTATGAGTCATTGTGGTATTATGATTACGTTTGGGGGAGTTATCGTTCGGAGATCTACTCCATAGAACGTTGACTACTGGGGCCAGGGA		2	0.0032898	83	unresolved		unresolved					IGHD03-16	IGHD03	IGHD03-16				01,02	IGHJ04-01*02	IGHJ04	IGHJ04-01	02				0	0	0	28	60	3	-1	-1	38	47	107	1	Out	DJ							NA	0	0			No mutations for this sequence.
CCTCCACCTCTGTCAGCACACACAACTCCACATGGTCCCTGAGCCCCGGGACAAAGGACAATGGCAGATATGATCGAGAAATGGCTATGCTGTCCCAGATGGGTGGGTAGTGTTTCCGGGGTGGAGGGGA		2	0.0032898	50	IGHV07	IGHV07	unresolved			IGHV07-NL1,IGHV07-56,IGHV07-04_1		unresolved		unresolved		IGHD02,IGHD05	IGHD02-02,IGHD05-24		IGHJ02P-01*01	IGHJ02P	IGHJ02P-01	01				63	64	23	1	34	26	71	19	83	90	124	1	Out	VDJ							NA	0	0			No mutations for this sequence.
CTGGACATCCCGGGTTTCCCCAGGCCAGATGGTAGGTTTGAAGTGCGGTCTGTGTCACTGTGGTATTATGATTACGTTTGGGGGAGTTATCGTTCGGAGATCTACTCCATATGACTACTGGGGCCAGGGA		2	0.0032898	59	unresolved		unresolved					IGHD03-16*02	IGHD03	IGHD03-16	02				IGHJ04-01*02	IGHJ04	IGHJ04-01	02				0	0	0	5	15	5	-1	-1	62	94	109	1	Out	DJ							NA	0	0			No mutations for this sequence.
GCCAGGGGCAGCACCTGGACGTGAGCTCCTCCATTTTCCAACAGCCTCAGAGCTCAGAGCGCCACTCCCCTAGGACCAGCTCCCACCCTCACCCAGCCCAGCCCCACGACTGCCACAGGACCACAGGGCA		2	0.0032898	46	IGHV03-or02_adap22	IGHV03	IGHV03-or02_adap22					IGHD02-02	IGHD02	IGHD02-02				01,02,03	IGHJ02P-01*01	IGHJ02P	IGHJ02P-01	01				25	21	16	8	42	25	75	53	74	81	123	1	Out	VDJ							NA	0	0			No mutations for this sequence.
GTGCGTTTTTTGCCCAGGCCAGATGGTAGGTTTGAAGTGCGGTCTGTGTCACTGTGGTATTATGATTACGTTTGGGGGAGTTATCGTTCGGAGATCTACTCCATAGAACGTTGACTACTGGGGCCAGGGA		2	0.0032898	65	unresolved		unresolved					IGHD03-16*02	IGHD03	IGHD03-16	02				IGHJ04-01*02	IGHJ04	IGHJ04-01	02				0	0	0	5	19	3	-1	-1	56	88	107	1	Out	DJ							NA	0	0			No mutations for this sequence.
TCAGCCCTGGACATCCCGGGTTTCCCCAGGCCAGATGGTAGGTTTGAATCACTGTGGTATTATGATTACGTTTGGGGGAGTTATCGTTCGGAGATCTACTCCATAGAACGTTGACTACTGGGGCCAGGGA		2	0.0032898	53	unresolved		unresolved					IGHD03-16	IGHD03	IGHD03-16				01,02	IGHJ04-01*02	IGHJ04	IGHJ04-01	02				0	0	0	57	59	3	-1	-1	68	48	107	1	Out	DJ							NA	0	0			No mutations for this sequence.
TGAGGGTCTGGAGAGAGAGAGGGGCCCATGCCTGTGTGTCGAGGGGACACACCCACACTGGCCCTGCTCCTTGATCAGAGGATGCACCAGCGCCTGAAGGGAATCTGTGCCCCCTAGGAGGCCACACTGG	PLG	2	0.0032898	9	IGHV_III-44*01	IGHV_III	IGHV_III-44	01				IGHD02-02	IGHD02	IGHD02-02				01,02,03	IGHJ03P-01*01	IGHJ03P	IGHJ03P-01	01				72	39	16	9	32	23	110	46	85	91	123	1	In	VDJ							NA	0	0			No mutations for this sequence.
